,date,average_tweets,average_articles,location,coverage
0,1999-01-01,0.0,0.0,IUB,0.0
1,1999-01-02,0.0,0.0,IUB,0.0
2,1999-01-03,0.0,0.0,IUB,0.0
3,1999-01-04,0.0,0.0,IUB,0.0
4,1999-01-05,0.0,0.0,IUB,0.0
5,1999-01-06,0.0,0.0,IUB,0.0
6,1999-01-07,0.0,0.0,IUB,0.0
7,1999-01-08,0.0,0.0,IUB,0.0
8,1999-01-09,0.0,0.0,IUB,0.0
9,1999-01-10,0.09090909090909091,0.0,IUB,0.7461259121193474
10,1999-01-11,0.18181818181818182,0.0,IUB,0.8782023664629061
11,1999-01-12,0.45454545454545453,0.0,IUB,1.2742009965775003
12,1999-01-13,0.6363636363636364,0.0,IUB,1.82561789983597
13,1999-01-14,0.2727272727272727,0.0,IUB,1.976637312574178
14,1999-01-15,0.45454545454545453,0.0,IUB,2.299406946281354
15,1999-01-16,0.36363636363636365,0.0,IUB,2.5097495134989605
16,1999-01-17,0.5454545454545454,0.0,IUB,2.887887424720242
17,1999-01-18,0.7272727272727273,0.0,IUB,3.422634323678287
18,1999-01-19,0.6363636363636364,0.0,IUB,3.830822338463371
19,1999-01-20,0.45454545454545453,0.0,IUB,4.029979637111269
20,1999-01-21,0.7272727272727273,0.0,IUB,4.4885870552432445
21,1999-01-22,0.45454545454545453,0.0,IUB,4.6438933727724825
22,1999-01-23,0.5454545454545454,0.0,IUB,4.879755026708863
23,1999-01-24,0.6363636363636364,0.0,IUB,5.190801661291907
24,1999-01-25,0.45454545454545453,0.0,IUB,5.299293671751236
25,1999-01-26,0.45454545454545453,0.0,IUB,5.400552881513274
26,1999-01-27,0.45454545454545453,0.0,IUB,5.495061477291177
27,1999-01-28,0.6363636363636364,0.0,IUB,5.765087681835402
28,1999-01-29,1.1818181818181819,0.0,IUB,6.562566684864557
29,1999-01-30,0.5454545454545454,0.0,IUB,6.670516784661464
30,1999-01-31,0.7272727272727273,0.0,IUB,6.9530883929567615
31,1999-02-01,0.0,0.0,IUB,0.0
32,1999-02-02,0.0,0.0,IUB,0.0
33,1999-02-03,0.0,0.0,IUB,0.0
34,1999-02-04,0.0,0.0,IUB,0.0
35,1999-02-05,0.0,0.0,IUB,0.0
36,1999-02-06,0.0,0.0,IUB,0.0
37,1999-02-07,0.0,0.0,IUB,0.0
38,1999-02-08,0.0,0.0,IUB,0.0
39,1999-02-09,0.0,0.0,IUB,0.0
40,1999-02-10,0.8181818181818182,0.0,IUB,4.305933178139269
41,1999-02-11,0.7272727272727273,0.0,IUB,4.746143693536045
42,1999-02-12,0.45454545454545453,0.0,IUB,4.884279568512429
43,1999-02-13,0.7272727272727273,0.0,IUB,5.285933657884329
44,1999-02-14,0.6363636363636364,0.0,IUB,5.569901717055677
45,1999-02-15,0.45454545454545453,0.0,IUB,5.653120390464086
46,1999-02-16,0.36363636363636365,0.0,IUB,5.639882061402845
47,1999-02-17,0.6363636363636364,0.0,IUB,5.900253560339625
48,1999-02-18,0.8181818181818182,0.0,IUB,6.325085141165467
49,1999-02-19,0.6363636363636364,0.0,IUB,6.5397764347847405
50,1999-02-20,0.45454545454545453,0.0,IUB,6.558336793677878
51,1999-02-21,0.5454545454545454,0.0,IUB,6.666568886220565
52,1999-02-22,0.5454545454545454,0.0,IUB,6.767585505927073
53,1999-02-23,0.5454545454545454,0.0,IUB,6.861867684319813
54,1999-02-24,0.5454545454545454,0.0,IUB,6.949864384153037
55,1999-02-25,0.5454545454545454,0.0,IUB,7.0319946373307145
56,1999-02-26,0.9090909090909091,0.0,IUB,7.47228590393291
57,1999-02-27,0.6363636363636364,0.0,IUB,7.610497146701019
58,1999-02-28,0.6363636363636364,0.0,IUB,7.73949430661792
59,1999-03-01,0.0,0.0,IUB,0.0
60,1999-03-02,0.0,0.0,IUB,0.0
61,1999-03-03,0.0,0.0,IUB,0.0
62,1999-03-04,0.0,0.0,IUB,0.0
63,1999-03-05,0.0,0.0,IUB,0.0
64,1999-03-06,0.0,0.0,IUB,0.0
65,1999-03-07,0.0,0.0,IUB,0.0
66,1999-03-08,0.0,0.0,IUB,0.0
67,1999-03-09,0.0,0.0,IUB,0.0
68,1999-03-10,0.18181818181818182,0.0,IUB,4.047274559981016
69,1999-03-11,0.18181818181818182,0.0,IUB,3.9592744378004627
70,1999-03-12,0.2727272727272727,0.0,IUB,3.9680500813410378
71,1999-03-13,0.2727272727272727,0.0,IUB,3.9762406819789073
72,1999-03-14,0.09090909090909091,0.0,IUB,3.802067060756072
73,1999-03-15,0.0,0.0,IUB,3.548595923372334
74,1999-03-16,0.0,0.0,IUB,3.312022861814178
75,1999-03-17,0.09090909090909091,0.0,IUB,3.1821304286023238
76,1999-03-18,0.36363636363636365,0.0,IUB,3.333624763665199
77,1999-03-19,0.36363636363636365,0.0,IUB,3.4750194763905498
78,1999-03-20,0.18181818181818182,0.0,IUB,3.4251696931160285
79,1999-03-21,0.5454545454545454,0.0,IUB,3.7422795923628387
80,1999-03-22,0.8181818181818182,0.0,IUB,4.3109761043871355
81,1999-03-23,0.45454545454545453,0.0,IUB,4.478123151973447
82,1999-03-24,0.7272727272727273,0.0,IUB,4.906854335781277
83,1999-03-25,0.7272727272727273,0.0,IUB,5.307003440668587
84,1999-03-26,0.5454545454545454,0.0,IUB,5.498657756745225
85,1999-03-27,1.0,0.0,IUB,6.13208057296221
86,1999-03-28,0.9090909090909091,0.0,IUB,6.632366110522307
87,1999-03-29,0.7272727272727273,0.0,IUB,6.917481097093545
88,1999-03-30,0.9090909090909091,0.0,IUB,7.365406599711552
89,1999-03-31,0.6363636363636364,0.0,IUB,7.510743129427752
90,1999-04-01,0.0,0.0,IUB,0.0
91,1999-04-02,0.0,0.0,IUB,0.0
92,1999-04-03,0.0,0.0,IUB,0.0
93,1999-04-04,0.0,0.0,IUB,0.0
94,1999-04-05,0.0,0.0,IUB,0.0
95,1999-04-06,0.0,0.0,IUB,0.0
96,1999-04-07,0.0,0.0,IUB,0.0
97,1999-04-08,0.0,0.0,IUB,0.0
98,1999-04-09,0.0,0.0,IUB,0.0
99,1999-04-10,1.0,0.0,IUB,4.767477570181326
100,1999-04-11,0.8181818181818182,0.0,IUB,5.267827550351056
101,1999-04-12,1.0909090909090908,0.0,IUB,6.00754813790341
102,1999-04-13,1.5454545454545454,0.0,IUB,7.152499474164395
103,1999-04-14,0.6363636363636364,0.0,IUB,7.312029812250405
104,1999-04-15,0.5454545454545454,0.0,IUB,7.370015703554923
105,1999-04-16,0.6363636363636364,0.0,IUB,7.515044959681566
106,1999-04-17,0.8181818181818182,0.0,IUB,7.8322237805512795
107,1999-04-18,0.6363636363636364,0.0,IUB,7.946439164878163
108,1999-04-19,1.0909090909090908,0.0,IUB,8.507585644795377
109,1999-04-20,0.6363636363636364,0.0,IUB,8.57677690483932
110,1999-04-21,0.9090909090909091,0.0,IUB,8.914082686940944
111,1999-04-22,0.18181818181818182,0.0,IUB,8.501628689629728
112,1999-04-23,0.8181818181818182,0.0,IUB,8.753035261836233
113,1999-04-24,1.0909090909090908,0.0,IUB,9.260408668622908
114,1999-04-25,0.2727272727272727,0.0,IUB,8.915775363441986
115,1999-04-26,1.4545454545454546,0.0,IUB,9.775935793757974
116,1999-04-27,0.36363636363636365,0.0,IUB,9.487843104477141
117,1999-04-28,0.7272727272727273,0.0,IUB,9.582592958118058
118,1999-04-29,0.2727272727272727,0.0,IUB,9.216480700304128
119,1999-04-30,0.8181818181818182,0.0,IUB,9.420230471799004
120,1999-05-01,0.0,0.0,IUB,0.0
121,1999-05-02,0.0,0.0,IUB,0.0
122,1999-05-03,0.0,0.0,IUB,0.0
123,1999-05-04,0.0,0.0,IUB,0.0
124,1999-05-05,0.0,0.0,IUB,0.0
125,1999-05-06,0.0,0.0,IUB,0.0
126,1999-05-07,0.0,0.0,IUB,0.0
127,1999-05-08,0.0,0.0,IUB,0.0
128,1999-05-09,0.0,0.0,IUB,0.0
129,1999-05-10,0.18181818181818182,0.0,IUB,4.907117183109608
130,1999-05-11,0.09090909090909091,0.0,IUB,4.670885128478058
131,1999-05-12,0.2727272727272727,0.0,IUB,4.6322200593067935
132,1999-05-13,0.2727272727272727,0.0,IUB,4.5961326614136135
133,1999-05-14,0.36363636363636365,0.0,IUB,4.653360180955736
134,1999-05-15,0.45454545454545453,0.0,IUB,4.797681623437476
135,1999-05-16,0.09090909090909091,0.0,IUB,4.568745272784068
136,1999-05-17,0.2727272727272727,0.0,IUB,4.536889527325736
137,1999-05-18,0.36363636363636365,0.0,IUB,4.598066589140385
138,1999-05-19,0.0,0.0,IUB,4.291528816531025
139,1999-05-20,0.0,0.0,IUB,4.005426895428957
140,1999-05-21,0.2727272727272727,0.0,IUB,4.011125708460965
141,1999-05-22,0.09090909090909091,0.0,IUB,3.8346264188059918
142,1999-05-23,0.0,0.0,IUB,3.578984657552259
143,1999-05-24,0.0,0.0,IUB,3.340385680382109
144,1999-05-25,0.09090909090909091,0.0,IUB,3.20860239259906
145,1999-05-26,0.0,0.0,IUB,2.9946955664257895
146,1999-05-27,0.18181818181818182,0.0,IUB,2.976867377148918
147,1999-05-28,0.0,0.0,IUB,2.778409552005656
148,1999-05-29,0.0,0.0,IUB,2.5931822485386133
149,1999-05-30,0.45454545454545453,0.0,IUB,2.8748488865148265
150,1999-05-31,0.18181818181818182,0.0,IUB,2.865010475898687
151,1999-06-01,0.0,0.0,IUB,0.0
152,1999-06-02,0.0,0.0,IUB,0.0
153,1999-06-03,0.0,0.0,IUB,0.0
154,1999-06-04,0.0,0.0,IUB,0.0
155,1999-06-05,0.0,0.0,IUB,0.0
156,1999-06-06,0.0,0.0,IUB,0.0
157,1999-06-07,0.0,0.0,IUB,0.0
158,1999-06-08,0.0,0.0,IUB,0.0
159,1999-06-09,0.0,0.0,IUB,0.0
160,1999-06-10,0.45454545454545453,0.0,IUB,1.8916685887385973
161,1999-06-11,0.18181818181818182,0.0,IUB,1.9473755313075396
162,1999-06-12,0.09090909090909091,0.0,IUB,1.9084595867961285
163,1999-06-13,0.18181818181818182,0.0,IUB,1.963047129494568
164,1999-06-14,0.18181818181818182,0.0,IUB,2.0139955026797787
165,1999-06-15,0.09090909090909091,0.0,IUB,1.970638226743551
166,1999-06-16,0.0,0.0,IUB,1.8392623449606476
167,1999-06-17,0.0,0.0,IUB,1.7166448552966045
168,1999-06-18,0.09090909090909091,0.0,IUB,1.6931109558525888
169,1999-06-19,0.18181818181818182,0.0,IUB,1.7620550739472642
170,1999-06-20,0.0,0.0,IUB,1.6445847356841137
171,1999-06-21,0.18181818181818182,0.0,IUB,1.7167639351233548
172,1999-06-22,0.0,0.0,IUB,1.6023130061151307
173,1999-06-23,0.0,0.0,IUB,1.4954921390407885
174,1999-06-24,0.09090909090909091,0.0,IUB,1.486701754013827
175,1999-06-25,0.0,0.0,IUB,1.3875883037462389
176,1999-06-26,0.09090909090909091,0.0,IUB,1.3859915077389138
177,1999-06-27,0.18181818181818182,0.0,IUB,1.4754102557078346
178,1999-06-28,0.09090909090909091,0.0,IUB,1.4679586629030696
179,1999-06-29,0.6363636363636364,0.0,IUB,2.006458388406502
180,1999-06-30,0.09090909090909091,0.0,IUB,1.9636035867551591
181,1999-07-01,0.0,0.0,IUB,0.0
182,1999-07-02,0.0,0.0,IUB,0.0
183,1999-07-03,0.0,0.0,IUB,0.0
184,1999-07-04,0.0,0.0,IUB,0.0
185,1999-07-05,0.0,0.0,IUB,0.0
186,1999-07-06,0.0,0.0,IUB,0.0
187,1999-07-07,0.0,0.0,IUB,0.0
188,1999-07-08,0.0,0.0,IUB,0.0
189,1999-07-09,0.0,0.0,IUB,0.0
190,1999-07-10,0.18181818181818182,0.0,IUB,1.1667849610496943
191,1999-07-11,0.18181818181818182,0.0,IUB,1.2708174787978963
192,1999-07-12,0.2727272727272727,0.0,IUB,1.4588235862719763
193,1999-07-13,0.36363636363636365,0.0,IUB,1.725205044156875
194,1999-07-14,0.0,0.0,IUB,1.610191374546416
195,1999-07-15,0.36363636363636365,0.0,IUB,1.8664816465463523
196,1999-07-16,0.09090909090909091,0.0,IUB,1.832958627685687
197,1999-07-17,0.2727272727272727,0.0,IUB,1.983488658567247
198,1999-07-18,0.2727272727272727,0.0,IUB,2.123983354056703
199,1999-07-19,0.2727272727272727,0.0,IUB,2.2551117365135287
200,1999-07-20,0.18181818181818182,0.0,IUB,2.2865891358974757
201,1999-07-21,0.0,0.0,IUB,2.134149860170977
202,1999-07-22,0.2727272727272727,0.0,IUB,2.2646004755535185
203,1999-07-23,0.0,0.0,IUB,2.113627110516617
204,1999-07-24,0.09090909090909091,0.0,IUB,2.0636277273912667
205,1999-07-25,0.09090909090909091,0.0,IUB,2.016961636474273
206,1999-07-26,0.18181818181818182,0.0,IUB,2.06431570919417
207,1999-07-27,0.18181818181818182,0.0,IUB,2.1085128437327403
208,1999-07-28,0.09090909090909091,0.0,IUB,2.0588544117263154
209,1999-07-29,0.0,0.0,IUB,1.921597450944561
210,1999-07-30,0.09090909090909091,0.0,IUB,1.8844000451240148
211,1999-07-31,0.0,0.0,IUB,1.7587733754490806
212,1999-08-01,0.0,0.0,IUB,0.0
213,1999-08-02,0.0,0.0,IUB,0.0
214,1999-08-03,0.0,0.0,IUB,0.0
215,1999-08-04,0.0,0.0,IUB,0.0
216,1999-08-05,0.0,0.0,IUB,0.0
217,1999-08-06,0.0,0.0,IUB,0.0
218,1999-08-07,0.0,0.0,IUB,0.0
219,1999-08-08,0.0,0.0,IUB,0.0
220,1999-08-09,0.0,0.0,IUB,0.0
221,1999-08-10,0.0,0.0,IUB,0.8822215230706951
222,1999-08-11,0.0,0.0,IUB,0.8234067548659822
223,1999-08-12,0.0,0.0,IUB,0.7685129712082499
224,1999-08-13,0.09090909090909091,0.0,IUB,0.8081878640367909
225,1999-08-14,0.09090909090909091,0.0,IUB,0.8452177640100956
226,1999-08-15,0.18181818181818182,0.0,IUB,0.9706880948942714
227,1999-08-16,0.18181818181818182,0.0,IUB,1.0877937370528348
228,1999-08-17,0.36363636363636365,0.0,IUB,1.3789105182190098
229,1999-08-18,0.8181818181818182,0.0,IUB,2.1051649685195604
230,1999-08-19,0.6363636363636364,0.0,IUB,2.6011842736485593
231,1999-08-20,0.5454545454545454,0.0,IUB,2.9732265341932016
232,1999-08-21,0.6363636363636364,0.0,IUB,3.4113750682772905
233,1999-08-22,0.6363636363636364,0.0,IUB,3.8203137000891076
234,1999-08-23,0.6363636363636364,0.0,IUB,4.201989756446804
235,1999-08-24,0.36363636363636365,0.0,IUB,4.285493469653381
236,1999-08-25,0.2727272727272727,0.0,IUB,4.272521177737094
237,1999-08-26,0.7272727272727273,0.0,IUB,4.71495915982735
238,1999-08-27,0.7272727272727273,0.0,IUB,5.12790127644492
239,1999-08-28,0.45454545454545453,0.0,IUB,5.240586645894046
240,1999-08-29,0.2727272727272727,0.0,IUB,5.163941475561716
241,1999-08-30,0.36363636363636365,0.0,IUB,5.183315074160631
242,1999-08-31,0.18181818181818182,0.0,IUB,5.0195789177014385
243,1999-09-01,0.0,0.0,IUB,0.0
244,1999-09-02,0.0,0.0,IUB,0.0
245,1999-09-03,0.0,0.0,IUB,0.0
246,1999-09-04,0.0,0.0,IUB,0.0
247,1999-09-05,0.0,0.0,IUB,0.0
248,1999-09-06,0.0,0.0,IUB,0.0
249,1999-09-07,0.0,0.0,IUB,0.0
250,1999-09-08,0.0,0.0,IUB,0.0
251,1999-09-09,0.0,0.0,IUB,0.0
252,1999-09-10,0.45454545454545453,0.0,IUB,2.972425597470284
253,1999-09-11,1.1818181818181819,0.0,IUB,3.956082072790447
254,1999-09-12,0.2727272727272727,0.0,IUB,3.965070540665023
255,1999-09-13,0.6363636363636364,0.0,IUB,4.337096140984324
256,1999-09-14,0.7272727272727273,0.0,IUB,4.775229125524763
257,1999-09-15,0.8181818181818182,0.0,IUB,5.275062335338264
258,1999-09-16,0.7272727272727273,0.0,IUB,5.650664240255107
259,1999-09-17,0.5454545454545454,0.0,IUB,5.819407836359312
260,1999-09-18,0.7272727272727273,0.0,IUB,6.158720041208085
261,1999-09-19,0.45454545454545453,0.0,IUB,6.202684159673002
262,1999-09-20,0.45454545454545453,0.0,IUB,6.243717336906923
263,1999-09-21,0.5454545454545454,0.0,IUB,6.372924059901007
264,1999-09-22,0.5454545454545454,0.0,IUB,6.49351700136215
265,1999-09-23,0.7272727272727273,0.0,IUB,6.787888595210735
266,1999-09-24,0.6363636363636364,0.0,IUB,6.97172632522699
267,1999-09-25,0.7272727272727273,0.0,IUB,7.234217297484585
268,1999-09-26,0.45454545454545453,0.0,IUB,7.2064815988644
269,1999-09-27,0.9090909090909091,0.0,IUB,7.635140401364348
270,1999-09-28,0.9090909090909091,0.0,IUB,8.035221950364301
271,1999-09-29,0.36363636363636365,0.0,IUB,7.863176850643047
272,1999-09-30,0.6363636363636364,0.0,IUB,7.975328696963811
273,1999-10-01,0.0,0.0,IUB,0.0
274,1999-10-02,0.0,0.0,IUB,0.0
275,1999-10-03,0.0,0.0,IUB,0.0
276,1999-10-04,0.0,0.0,IUB,0.0
277,1999-10-05,0.0,0.0,IUB,0.0
278,1999-10-06,0.0,0.0,IUB,0.0
279,1999-10-07,0.0,0.0,IUB,0.0
280,1999-10-08,0.0,0.0,IUB,0.0
281,1999-10-09,0.0,0.0,IUB,0.0
282,1999-10-10,0.6363636363636364,0.0,IUB,4.636882821064326
283,1999-10-11,0.5454545454545454,0.2727272727272727,IUB,4.873211845114582
284,1999-10-12,1.1818181818181819,0.18181818181818182,IUB,5.73014923725846
285,1999-10-13,1.6363636363636365,0.18181818181818182,IUB,6.984502924471533
286,1999-10-14,1.0,0.36363636363636365,IUB,7.518869396173429
287,1999-10-15,0.36363636363636365,0.36363636363636365,IUB,7.381247800064897
288,1999-10-16,1.0909090909090908,0.09090909090909091,IUB,7.9800737043029955
289,1999-10-17,0.36363636363636365,0.18181818181818182,IUB,7.81170515431916
290,1999-10-18,0.2727272727272727,0.0,IUB,7.563652083425155
291,1999-10-19,1.0909090909090908,0.09090909090909091,IUB,8.150317702105902
292,1999-10-20,0.9090909090909091,0.45454545454545453,IUB,8.516054097723087
293,1999-10-21,0.7272727272727273,0.8181818181818182,IUB,8.675589885147607
294,1999-10-22,1.0,0.18181818181818182,IUB,9.097217226137767
295,1999-10-23,1.0,0.45454545454545453,IUB,9.490736077728583
296,1999-10-24,0.5454545454545454,0.18181818181818182,IUB,9.403474884667888
297,1999-10-25,0.45454545454545453,0.36363636363636365,IUB,9.231122013568818
298,1999-10-26,0.45454545454545453,0.8181818181818182,IUB,9.07025933387635
299,1999-10-27,1.7272727272727273,0.5454545454545454,IUB,10.192848105557319
300,1999-10-28,0.7272727272727273,0.2727272727272727,IUB,10.240597625792894
301,1999-10-29,1.0909090909090908,0.5454545454545454,IUB,10.648800208315793
302,1999-10-30,0.7272727272727273,0.6363636363636364,IUB,10.666152921700801
303,1999-10-31,0.45454545454545453,0.18181818181818182,IUB,10.409621514799534
304,1999-11-01,0.0,0.0,IUB,0.0
305,1999-11-02,0.0,0.0,IUB,0.0
306,1999-11-03,0.0,0.0,IUB,0.0
307,1999-11-04,0.0,0.0,IUB,0.0
308,1999-11-05,0.0,0.0,IUB,0.0
309,1999-11-06,0.0,0.0,IUB,0.0
310,1999-11-07,0.0,0.0,IUB,0.0
311,1999-11-08,0.0,0.0,IUB,0.0
312,1999-11-09,0.0,0.0,IUB,0.0
313,1999-11-10,0.6363636363636364,5.545454545454546,IUB,5.857952884626511
314,1999-11-11,0.6363636363636364,2.727272727272727,IUB,6.103786328681713
315,1999-11-12,0.5454545454545454,0.09090909090909091,IUB,6.242321785557478
316,1999-11-13,0.6363636363636364,0.5454545454545454,IUB,6.462530636217282
317,1999-11-14,0.45454545454545453,0.18181818181818182,IUB,6.486240715014916
318,1999-11-15,0.45454545454545453,1.0909090909090908,IUB,6.508370121892713
319,1999-11-16,0.8181818181818182,1.0,IUB,6.892660598615017
320,1999-11-17,0.9090909090909091,7.363636363636363,IUB,7.342240801131592
321,1999-11-18,0.2727272727272727,0.5454545454545454,IUB,7.125485353783424
322,1999-11-19,0.2727272727272727,0.0,IUB,6.9231802695918025
323,1999-11-20,0.36363636363636365,0.2727272727272727,IUB,6.825271281922046
324,1999-11-21,0.2727272727272727,0.09090909090909091,IUB,6.64298046918785
325,1999-11-22,0.09090909090909091,0.09090909090909091,IUB,6.291024195484416
326,1999-11-23,0.0,0.09090909090909091,IUB,5.8716225824521215
327,1999-11-24,0.0,0.0,IUB,5.480181076955315
328,1999-11-25,0.09090909090909091,0.0,IUB,5.205744762734051
329,1999-11-26,0.09090909090909091,0.18181818181818182,IUB,4.949604202794205
330,1999-11-27,0.2727272727272727,0.09090909090909091,IUB,4.892357862001865
331,1999-11-28,0.5454545454545454,1.0,IUB,5.1116552166562865
332,1999-11-29,0.36363636363636365,2.090909090909091,IUB,5.134514565848898
333,1999-11-30,1.0909090909090908,3.0,IUB,5.883122685701395
334,1999-12-01,0.0,0.0,IUB,0.0
335,1999-12-02,0.0,0.0,IUB,0.0
336,1999-12-03,0.0,0.0,IUB,0.0
337,1999-12-04,0.0,0.0,IUB,0.0
338,1999-12-05,0.0,0.0,IUB,0.0
339,1999-12-06,0.0,0.0,IUB,0.0
340,1999-12-07,0.0,0.0,IUB,0.0
341,1999-12-08,0.0,0.0,IUB,0.0
342,1999-12-09,0.0,0.0,IUB,0.0
343,1999-12-10,0.45454545454545453,1.2727272727272727,IUB,3.405589363125198
344,1999-12-11,0.6363636363636364,0.45454545454545453,IUB,3.814913708613821
345,1999-12-12,0.18181818181818182,0.18181818181818182,IUB,3.7424043098577484
346,1999-12-13,0.18181818181818182,0.18181818181818182,IUB,3.6747288710187465
347,1999-12-14,0.0,0.6363636363636364,IUB,3.429746946284163
348,1999-12-15,0.18181818181818182,0.0,IUB,3.382915331683402
349,1999-12-16,0.09090909090909091,0.09090909090909091,IUB,3.248296733813598
350,1999-12-17,0.0,0.0,IUB,3.0317436182260264
351,1999-12-18,0.09090909090909091,0.09090909090909091,IUB,2.9205364679200483
352,1999-12-19,0.0,0.18181818181818182,IUB,2.7258340367253786
353,1999-12-20,0.0,0.18181818181818182,IUB,2.544111767610353
354,1999-12-21,0.0,0.09090909090909091,IUB,2.3745043164363295
355,1999-12-22,0.0,0.0,IUB,2.2162040286739075
356,1999-12-23,0.0,0.0,IUB,2.0684570934289805
357,1999-12-24,0.0,0.0,IUB,1.9305599538670486
358,1999-12-25,0.0,0.0,IUB,1.801855956942579
359,1999-12-26,0.18181818181818182,0.0,IUB,1.863550408297922
360,1999-12-27,0.0,0.09090909090909091,IUB,1.7393137144113937
361,1999-12-28,0.09090909090909091,0.0,IUB,1.7142685576930587
362,1999-12-29,0.0,0.0,IUB,1.5999839871801882
363,1999-12-30,0.0,0.0,IUB,1.4933183880348424
364,1999-12-31,0.0,0.0,IUB,1.3937638288325194
365,1999-01-01,0.0,0.0,UMD,0.0
366,1999-01-02,0.0,0.0,UMD,0.0
367,1999-01-03,0.0,0.0,UMD,0.0
368,1999-01-04,0.0,0.0,UMD,0.0
369,1999-01-05,0.0,0.0,UMD,0.0
370,1999-01-06,0.0,0.0,UMD,0.0
371,1999-01-07,0.0,0.0,UMD,0.0
372,1999-01-08,0.0,0.0,UMD,0.0
373,1999-01-09,0.0,0.0,UMD,0.0
374,1999-01-10,0.09090909090909091,0.0,UMD,0.7461259121193474
375,1999-01-11,0.18181818181818182,0.0,UMD,0.8782023664629061
376,1999-01-12,0.0,0.0,UMD,0.8196555420320458
377,1999-01-13,0.0,0.0,UMD,1.1892542634723335
378,1999-01-14,0.0,0.0,UMD,1.7039100398469054
379,1999-01-15,0.0,0.0,UMD,1.8448614917358994
380,1999-01-16,0.09090909090909091,0.0,UMD,2.237022240771688
381,1999-01-17,0.0,0.0,UMD,2.3424328792656968
382,1999-01-18,0.18181818181818182,0.0,UMD,2.8771797782237414
383,1999-01-19,0.09090909090909091,0.0,UMD,3.2853677930088256
384,1999-01-20,0.09090909090909091,0.0,UMD,3.666343273474905
385,1999-01-21,0.09090909090909091,0.0,UMD,3.8522234188796087
386,1999-01-22,0.2727272727272727,0.0,UMD,4.462075190954301
387,1999-01-23,0.09090909090909091,0.0,UMD,4.425209572163408
388,1999-01-24,0.36363636363636365,0.0,UMD,4.9180743885646345
389,1999-01-25,0.09090909090909091,0.0,UMD,4.935657308114872
390,1999-01-26,0.0,0.0,UMD,4.94600742696782
391,1999-01-27,0.45454545454545453,0.0,UMD,5.495061477291177
392,1999-01-28,0.18181818181818182,0.0,UMD,5.310542227289947
393,1999-01-29,0.36363636363636365,0.0,UMD,5.744384866682737
394,1999-01-30,0.7272727272727273,0.0,UMD,6.852334966479646
395,1999-01-31,0.09090909090909091,0.0,UMD,6.316724756593126
396,1999-02-01,0.0,0.0,UMD,0.0
397,1999-02-02,0.0,0.0,UMD,0.0
398,1999-02-03,0.0,0.0,UMD,0.0
399,1999-02-04,0.0,0.0,UMD,0.0
400,1999-02-05,0.0,0.0,UMD,0.0
401,1999-02-06,0.0,0.0,UMD,0.0
402,1999-02-07,0.0,0.0,UMD,0.0
403,1999-02-08,0.0,0.0,UMD,0.0
404,1999-02-09,0.0,0.0,UMD,0.0
405,1999-02-10,0.2727272727272727,0.0,UMD,3.7604786326847233
406,1999-02-11,0.5454545454545454,0.0,UMD,4.564325511717863
407,1999-02-12,0.09090909090909091,0.0,UMD,4.520643204876065
408,1999-02-13,0.2727272727272727,0.0,UMD,4.831388203338874
409,1999-02-14,0.6363636363636364,0.0,UMD,5.569901717055677
410,1999-02-15,0.2727272727272727,0.0,UMD,5.471302208645904
411,1999-02-16,0.18181818181818182,0.0,UMD,5.458063879584663
412,1999-02-17,0.18181818181818182,0.0,UMD,5.4457081057941705
413,1999-02-18,0.45454545454545453,0.0,UMD,5.961448777529103
414,1999-02-19,0.2727272727272727,0.0,UMD,6.176140071148376
415,1999-02-20,0.18181818181818182,0.0,UMD,6.285609520950604
416,1999-02-21,0.5454545454545454,0.0,UMD,6.666568886220565
417,1999-02-22,0.45454545454545453,0.0,UMD,6.676676415017982
418,1999-02-23,0.36363636363636365,0.0,UMD,6.680049502501632
419,1999-02-24,0.09090909090909091,0.0,UMD,6.495318929607584
420,1999-02-25,0.18181818181818182,0.0,UMD,6.668358273694351
421,1999-02-26,0.45454545454545453,0.0,UMD,7.017740449387455
422,1999-02-27,0.36363636363636365,0.0,UMD,7.337769873973745
423,1999-02-28,0.2727272727272727,0.0,UMD,7.375857942981557
424,1999-03-01,0.0,0.0,UMD,0.0
425,1999-03-02,0.0,0.0,UMD,0.0
426,1999-03-03,0.0,0.0,UMD,0.0
427,1999-03-04,0.0,0.0,UMD,0.0
428,1999-03-05,0.0,0.0,UMD,0.0
429,1999-03-06,0.0,0.0,UMD,0.0
430,1999-03-07,0.0,0.0,UMD,0.0
431,1999-03-08,0.0,0.0,UMD,0.0
432,1999-03-09,0.0,0.0,UMD,0.0
433,1999-03-10,0.7272727272727273,0.0,UMD,4.592729105435561
434,1999-03-11,0.5454545454545454,0.0,UMD,4.3229108014368265
435,1999-03-12,0.18181818181818182,0.0,UMD,3.877140990431947
436,1999-03-13,0.45454545454545453,0.0,UMD,4.1580588637970886
437,1999-03-14,0.2727272727272727,0.0,UMD,3.9838852425742535
438,1999-03-15,0.2727272727272727,0.0,UMD,3.821323196099607
439,1999-03-16,0.18181818181818182,0.0,UMD,3.4938410436323597
440,1999-03-17,0.0,0.0,UMD,3.091221337693233
441,1999-03-18,0.09090909090909091,0.0,UMD,3.060897490937926
442,1999-03-19,0.09090909090909091,0.0,UMD,3.202292203663277
443,1999-03-20,0.0,0.0,UMD,3.243351511297847
444,1999-03-21,0.36363636363636365,0.0,UMD,3.560461410544657
445,1999-03-22,0.0,0.0,UMD,3.492794286205316
446,1999-03-23,0.2727272727272727,0.0,UMD,4.296304970155266
447,1999-03-24,0.2727272727272727,0.0,UMD,4.4523088812358225
448,1999-03-25,0.5454545454545454,0.0,UMD,5.125185258850404
449,1999-03-26,0.8181818181818182,0.0,UMD,5.771385029472499
450,1999-03-27,0.45454545454545453,0.0,UMD,5.586626027507666
451,1999-03-28,0.18181818181818182,0.0,UMD,5.905093383249579
452,1999-03-29,0.18181818181818182,0.0,UMD,6.372026551638999
453,1999-03-30,0.36363636363636365,0.0,UMD,6.819952054257007
454,1999-03-31,0.5454545454545454,0.0,UMD,7.419834038518661
455,1999-04-01,0.0,0.0,UMD,0.0
456,1999-04-02,0.0,0.0,UMD,0.0
457,1999-04-03,0.0,0.0,UMD,0.0
458,1999-04-04,0.0,0.0,UMD,0.0
459,1999-04-05,0.0,0.0,UMD,0.0
460,1999-04-06,0.0,0.0,UMD,0.0
461,1999-04-07,0.0,0.0,UMD,0.0
462,1999-04-08,0.0,0.0,UMD,0.0
463,1999-04-09,0.0,0.0,UMD,0.0
464,1999-04-10,0.09090909090909091,0.0,UMD,3.8583866610904165
465,1999-04-11,0.5454545454545454,0.0,UMD,4.9951002776237825
466,1999-04-12,0.36363636363636365,0.0,UMD,5.280275410630683
467,1999-04-13,0.7272727272727273,0.0,UMD,6.334317655982576
468,1999-04-14,0.7272727272727273,0.0,UMD,7.402938903159495
469,1999-04-15,0.36363636363636365,0.0,UMD,7.188197521736742
470,1999-04-16,0.2727272727272727,0.0,UMD,7.151408596045201
471,1999-04-17,0.7272727272727273,0.0,UMD,7.741314689642187
472,1999-04-18,0.6363636363636364,0.0,UMD,7.946439164878163
473,1999-04-19,0.45454545454545453,0.0,UMD,7.871222008431741
474,1999-04-20,0.2727272727272727,0.0,UMD,8.213140541202957
475,1999-04-21,0.9090909090909091,0.0,UMD,8.914082686940944
476,1999-04-22,0.7272727272727273,0.0,UMD,9.047083235084274
477,1999-04-23,0.36363636363636365,0.0,UMD,8.29848980729078
478,1999-04-24,0.45454545454545453,0.0,UMD,8.624045032259271
479,1999-04-25,0.18181818181818182,0.0,UMD,8.824866272532894
480,1999-04-26,0.09090909090909091,0.0,UMD,8.41229943012161
481,1999-04-27,0.36363636363636365,0.0,UMD,9.487843104477141
482,1999-04-28,0.5454545454545454,0.0,UMD,9.400774776299876
483,1999-04-29,0.6363636363636364,0.0,UMD,9.580117063940492
484,1999-04-30,0.5454545454545454,0.0,UMD,9.147503199071732
485,1999-05-01,0.0,0.0,UMD,0.0
486,1999-05-02,0.0,0.0,UMD,0.0
487,1999-05-03,0.0,0.0,UMD,0.0
488,1999-05-04,0.0,0.0,UMD,0.0
489,1999-05-05,0.0,0.0,UMD,0.0
490,1999-05-06,0.0,0.0,UMD,0.0
491,1999-05-07,0.0,0.0,UMD,0.0
492,1999-05-08,0.0,0.0,UMD,0.0
493,1999-05-09,0.0,0.0,UMD,0.0
494,1999-05-10,0.45454545454545453,0.0,UMD,5.17984445583688
495,1999-05-11,0.18181818181818182,0.0,UMD,4.7617942193871485
496,1999-05-12,0.6363636363636364,0.0,UMD,4.995856422943157
497,1999-05-13,0.36363636363636365,0.0,UMD,4.687041752322705
498,1999-05-14,0.09090909090909091,0.0,UMD,4.3806329082284625
499,1999-05-15,0.0,0.0,UMD,4.343136168892022
500,1999-05-16,0.18181818181818182,0.0,UMD,4.659654363693159
501,1999-05-17,0.09090909090909091,0.0,UMD,4.355071345507555
502,1999-05-18,0.0,0.0,UMD,4.2344302255040205
503,1999-05-19,0.0,0.0,UMD,4.291528816531025
504,1999-05-20,0.0,0.0,UMD,4.005426895428957
505,1999-05-21,0.09090909090909091,0.0,UMD,3.8293075266427845
506,1999-05-22,0.18181818181818182,0.0,UMD,3.9255355097150826
507,1999-05-23,0.0,0.0,UMD,3.578984657552259
508,1999-05-24,0.09090909090909091,0.0,UMD,3.4312947712911996
509,1999-05-25,0.0,0.0,UMD,3.1176933016899686
510,1999-05-26,0.0,0.0,UMD,2.9946955664257895
511,1999-05-27,0.09090909090909091,0.0,UMD,2.8859582862398274
512,1999-05-28,0.09090909090909091,0.0,UMD,2.869318642914747
513,1999-05-29,0.36363636363636365,0.0,UMD,2.956818612174976
514,1999-05-30,0.2727272727272727,0.0,UMD,2.6930307046966444
515,1999-05-31,0.0,0.0,UMD,2.6831922940805053
516,1999-06-01,0.0,0.0,UMD,0.0
517,1999-06-02,0.0,0.0,UMD,0.0
518,1999-06-03,0.0,0.0,UMD,0.0
519,1999-06-04,0.0,0.0,UMD,0.0
520,1999-06-05,0.0,0.0,UMD,0.0
521,1999-06-06,0.0,0.0,UMD,0.0
522,1999-06-07,0.0,0.0,UMD,0.0
523,1999-06-08,0.0,0.0,UMD,0.0
524,1999-06-09,0.0,0.0,UMD,0.0
525,1999-06-10,0.0,0.0,UMD,1.4371231341931432
526,1999-06-11,0.18181818181818182,0.0,UMD,1.9473755313075396
527,1999-06-12,0.36363636363636365,0.0,UMD,2.181186859523401
528,1999-06-13,0.09090909090909091,0.0,UMD,1.8721380385854771
529,1999-06-14,0.18181818181818182,0.0,UMD,2.0139955026797787
530,1999-06-15,0.0,0.0,UMD,1.8797291358344597
531,1999-06-16,0.18181818181818182,0.0,UMD,2.0210805267788294
532,1999-06-17,0.09090909090909091,0.0,UMD,1.8075539462056953
533,1999-06-18,0.09090909090909091,0.0,UMD,1.6931109558525888
534,1999-06-19,0.0,0.0,UMD,1.5802368921290826
535,1999-06-20,0.0,0.0,UMD,1.6445847356841137
536,1999-06-21,0.0,0.0,UMD,1.5349457533051727
537,1999-06-22,0.0,0.0,UMD,1.6023130061151307
538,1999-06-23,0.09090909090909091,0.0,UMD,1.5864012299498795
539,1999-06-24,0.09090909090909091,0.0,UMD,1.486701754013827
540,1999-06-25,0.0,0.0,UMD,1.3875883037462389
541,1999-06-26,0.09090909090909091,0.0,UMD,1.3859915077389138
542,1999-06-27,0.09090909090909091,0.0,UMD,1.3845011647987437
543,1999-06-28,0.09090909090909091,0.0,UMD,1.4679586629030696
544,1999-06-29,0.2727272727272727,0.0,UMD,1.6428220247701382
545,1999-06-30,0.0,0.0,UMD,1.8726944958460683
546,1999-07-01,0.0,0.0,UMD,0.0
547,1999-07-02,0.0,0.0,UMD,0.0
548,1999-07-03,0.0,0.0,UMD,0.0
549,1999-07-04,0.0,0.0,UMD,0.0
550,1999-07-05,0.0,0.0,UMD,0.0
551,1999-07-06,0.0,0.0,UMD,0.0
552,1999-07-07,0.0,0.0,UMD,0.0
553,1999-07-08,0.0,0.0,UMD,0.0
554,1999-07-09,0.0,0.0,UMD,0.0
555,1999-07-10,0.18181818181818182,0.0,UMD,1.166784961049694
556,1999-07-11,0.0,0.0,UMD,1.0889992969797146
557,1999-07-12,0.09090909090909091,0.0,UMD,1.2770054044537944
558,1999-07-13,0.09090909090909091,0.0,UMD,1.452477771429602
559,1999-07-14,0.0,0.0,UMD,1.610191374546416
560,1999-07-15,0.0,0.0,UMD,1.502845282909989
561,1999-07-16,0.0,0.0,UMD,1.7420495367765958
562,1999-07-17,0.09090909090909091,0.0,UMD,1.801670476749065
563,1999-07-18,0.0,0.0,UMD,1.8512560813294305
564,1999-07-19,0.0,0.0,UMD,1.9823844637862562
565,1999-07-20,0.0,0.0,UMD,2.104770954079294
566,1999-07-21,0.09090909090909091,0.0,UMD,2.225058951080068
567,1999-07-22,0.09090909090909091,0.0,UMD,2.0827822937353364
568,1999-07-23,0.09090909090909091,0.0,UMD,2.2045362014257077
569,1999-07-24,0.09090909090909091,0.0,UMD,2.063627727391267
570,1999-07-25,0.0,0.0,UMD,1.9260525455651822
571,1999-07-26,0.0,0.0,UMD,1.8824975273759883
572,1999-07-27,0.2727272727272727,0.0,UMD,2.1994219346418316
573,1999-07-28,0.09090909090909091,0.0,UMD,2.0588544117263154
574,1999-07-29,0.0,0.0,UMD,1.921597450944561
575,1999-07-30,0.0,0.0,UMD,1.793490954214924
576,1999-07-31,0.0,0.0,UMD,1.7587733754490806
577,1999-08-01,0.0,0.0,UMD,0.0
578,1999-08-02,0.0,0.0,UMD,0.0
579,1999-08-03,0.0,0.0,UMD,0.0
580,1999-08-04,0.0,0.0,UMD,0.0
581,1999-08-05,0.0,0.0,UMD,0.0
582,1999-08-06,0.0,0.0,UMD,0.0
583,1999-08-07,0.0,0.0,UMD,0.0
584,1999-08-08,0.0,0.0,UMD,0.0
585,1999-08-09,0.0,0.0,UMD,0.0
586,1999-08-10,0.09090909090909091,0.0,UMD,0.973130613979786
587,1999-08-11,0.09090909090909091,0.0,UMD,0.9143158457750732
588,1999-08-12,54.81818181818182,0.0,UMD,55.58669478939007
589,1999-08-13,0.09090909090909091,0.0,UMD,0.8081878640367909
590,1999-08-14,0.2727272727272727,0.0,UMD,1.0270359458282774
591,1999-08-15,1.3636363636363635,0.0,UMD,2.1525062767124528
592,1999-08-16,0.0,0.0,UMD,0.905975555234653
593,1999-08-17,0.0,0.0,UMD,1.015274154582646
594,1999-08-18,0.18181818181818182,0.0,UMD,1.4688013321559241
595,1999-08-19,0.09090909090909091,0.0,UMD,2.055729728194014
596,1999-08-20,0.0,0.0,UMD,2.4277719887386553
597,1999-08-21,0.09090909090909091,0.0,UMD,2.865920522822745
598,1999-08-22,0.0,0.0,UMD,3.1839500637254714
599,1999-08-23,0.18181818181818182,0.0,UMD,3.7474443019013495
600,1999-08-24,0.18181818181818182,0.0,UMD,4.103675287835198
601,1999-08-25,0.0,0.0,UMD,3.9997939050098212
602,1999-08-26,0.18181818181818182,0.0,UMD,4.169504614372804
603,1999-08-27,0.09090909090909091,0.0,UMD,4.491537640081283
604,1999-08-28,0.18181818181818182,0.0,UMD,4.967859373166774
605,1999-08-29,0.5454545454545454,0.0,UMD,5.436668748288988
606,1999-08-30,0.6363636363636364,0.0,UMD,5.456042346887904
607,1999-08-31,0.2727272727272727,0.0,UMD,5.110488008610529
608,1999-09-01,0.0,0.0,UMD,0.0
609,1999-09-02,0.0,0.0,UMD,0.0
610,1999-09-03,0.0,0.0,UMD,0.0
611,1999-09-04,0.0,0.0,UMD,0.0
612,1999-09-05,0.0,0.0,UMD,0.0
613,1999-09-06,0.0,0.0,UMD,0.0
614,1999-09-07,0.0,0.0,UMD,0.0
615,1999-09-08,0.0,0.0,UMD,0.0
616,1999-09-09,0.0,0.0,UMD,0.0
617,1999-09-10,0.2727272727272727,0.0,UMD,2.7906074156521017
618,1999-09-11,0.6363636363636364,0.0,UMD,3.4106275273359015
619,1999-09-12,0.09090909090909091,0.0,UMD,3.7832523588468407
620,1999-09-13,0.45454545454545453,0.0,UMD,4.155277959166142
621,1999-09-14,0.2727272727272727,0.0,UMD,4.3206836709793075
622,1999-09-15,0.36363636363636365,0.0,UMD,4.82051688079281
623,1999-09-16,0.36363636363636365,0.0,UMD,5.287027876618745
624,1999-09-17,0.8181818181818182,0.0,UMD,6.092135109086584
625,1999-09-18,1.0909090909090908,0.0,UMD,6.522356404844448
626,1999-09-19,0.45454545454545453,0.0,UMD,6.202684159673002
627,1999-09-20,0.6363636363636364,0.0,UMD,6.425535518725105
628,1999-09-21,0.36363636363636365,0.0,UMD,6.191105878082825
629,1999-09-22,0.5454545454545454,0.0,UMD,6.49351700136215
630,1999-09-23,0.36363636363636365,0.0,UMD,6.424252231574371
631,1999-09-24,0.45454545454545453,0.0,UMD,6.789908143408808
632,1999-09-25,0.36363636363636365,0.0,UMD,6.8705809338482196
633,1999-09-26,0.5454545454545454,0.0,UMD,7.297390689773491
634,1999-09-27,0.36363636363636365,0.0,UMD,7.089685855909804
635,1999-09-28,0.2727272727272727,0.0,UMD,7.398858314000665
636,1999-09-29,0.6363636363636364,0.0,UMD,8.13590412337032
637,1999-09-30,0.36363636363636365,0.0,UMD,7.702601424236539
638,1999-10-01,0.0,0.0,UMD,0.0
639,1999-10-02,0.0,0.0,UMD,0.0
640,1999-10-03,0.0,0.0,UMD,0.0
641,1999-10-04,0.0,0.0,UMD,0.0
642,1999-10-05,0.0,0.0,UMD,0.0
643,1999-10-06,0.0,0.0,UMD,0.0
644,1999-10-07,0.0,0.0,UMD,0.0
645,1999-10-08,0.0,0.0,UMD,0.0
646,1999-10-09,0.0,0.0,UMD,0.0
647,1999-10-10,0.36363636363636365,1.8181818181818181,UMD,4.364155548337053
648,1999-10-11,0.36363636363636365,4.090909090909091,UMD,4.6913936632964015
649,1999-10-12,0.5454545454545454,5.2727272727272725,UMD,5.093785600894823
650,1999-10-13,0.18181818181818182,5.181818181818182,UMD,5.529957469926076
651,1999-10-14,0.6363636363636364,2.090909090909091,UMD,7.155233032537065
652,1999-10-15,0.5454545454545454,3.8181818181818183,UMD,7.563065981883079
653,1999-10-16,0.36363636363636365,3.272727272727273,UMD,7.252800977030267
654,1999-10-17,0.45454545454545453,1.0909090909090908,UMD,7.90261424522825
655,1999-10-18,0.2727272727272727,0.9090909090909091,UMD,7.563652083425155
656,1999-10-19,0.18181818181818182,1.0,UMD,7.241226793014993
657,1999-10-20,0.5454545454545454,1.1818181818181819,UMD,8.152417734086722
658,1999-10-21,0.2727272727272727,2.090909090909091,UMD,8.221044430602152
659,1999-10-22,0.7272727272727273,0.8181818181818182,UMD,8.824489953410493
660,1999-10-23,0.45454545454545453,1.4545454545454546,UMD,8.945281532274036
661,1999-10-24,0.5454545454545454,1.6363636363636365,UMD,9.403474884667888
662,1999-10-25,0.6363636363636364,0.5454545454545454,UMD,9.412940195387
663,1999-10-26,0.7272727272727273,0.8181818181818182,UMD,9.342986606603624
664,1999-10-27,0.45454545454545453,1.0909090909090908,UMD,8.92012083283005
665,1999-10-28,0.36363636363636365,0.5454545454545454,UMD,9.87696126215653
666,1999-10-29,0.36363636363636365,0.9090909090909091,UMD,9.921527481043064
667,1999-10-30,0.6363636363636364,1.0,UMD,10.575243830791711
668,1999-10-31,0.5454545454545454,1.0,UMD,10.500530605708626
669,1999-11-01,0.0,0.0,UMD,0.0
670,1999-11-02,0.0,0.0,UMD,0.0
671,1999-11-03,0.0,0.0,UMD,0.0
672,1999-11-04,0.0,0.0,UMD,0.0
673,1999-11-05,0.0,0.0,UMD,0.0
674,1999-11-06,0.0,0.0,UMD,0.0
675,1999-11-07,0.0,0.0,UMD,0.0
676,1999-11-08,0.0,0.0,UMD,0.0
677,1999-11-09,0.0,0.0,UMD,0.0
678,1999-11-10,0.45454545454545453,3.727272727272727,UMD,5.676134702808329
679,1999-11-11,0.5454545454545454,4.090909090909091,UMD,6.012877237772622
680,1999-11-12,0.9090909090909091,1.3636363636363635,UMD,6.6059581491938415
681,1999-11-13,0.18181818181818182,5.090909090909091,UMD,6.0079851816718275
682,1999-11-14,0.2727272727272727,2.272727272727273,UMD,6.3044225331967345
683,1999-11-15,0.36363636363636365,2.272727272727273,UMD,6.417461030983622
684,1999-11-16,0.2727272727272727,4.545454545454546,UMD,6.3472060531604715
685,1999-11-17,0.36363636363636365,2.8181818181818183,UMD,6.796786255677046
686,1999-11-18,0.18181818181818182,1.3636363636363635,UMD,7.034576262874333
687,1999-11-19,0.5454545454545454,0.36363636363636365,UMD,7.195907542319076
688,1999-11-20,0.5454545454545454,0.45454545454545453,UMD,7.007089463740226
689,1999-11-21,0.09090909090909091,0.6363636363636364,UMD,6.461162287369668
690,1999-11-22,0.09090909090909091,0.18181818181818182,UMD,6.291024195484416
691,1999-11-23,0.0,0.36363636363636365,UMD,5.8716225824521215
692,1999-11-24,0.45454545454545453,0.09090909090909091,UMD,5.934726531500769
693,1999-11-25,0.36363636363636365,1.1818181818181819,UMD,5.478472035461324
694,1999-11-26,0.2727272727272727,0.6363636363636364,UMD,5.131422384612387
695,1999-11-27,0.2727272727272727,0.2727272727272727,UMD,4.892357862001865
696,1999-11-28,0.18181818181818182,0.36363636363636365,UMD,4.748018853019922
697,1999-11-29,0.45454545454545453,0.8181818181818182,UMD,5.2254236567579895
698,1999-11-30,0.2727272727272727,0.7272727272727273,UMD,5.064940867519577
699,1999-12-01,0.0,0.0,UMD,0.0
700,1999-12-02,0.0,0.0,UMD,0.0
701,1999-12-03,0.0,0.0,UMD,0.0
702,1999-12-04,0.0,0.0,UMD,0.0
703,1999-12-05,0.0,0.0,UMD,0.0
704,1999-12-06,0.0,0.0,UMD,0.0
705,1999-12-07,0.0,0.0,UMD,0.0
706,1999-12-08,0.0,0.0,UMD,0.0
707,1999-12-09,0.0,0.0,UMD,0.0
708,1999-12-10,0.18181818181818182,0.5454545454545454,UMD,3.1328620903979254
709,1999-12-11,0.18181818181818182,0.36363636363636365,UMD,3.3603682540683666
710,1999-12-12,0.45454545454545453,0.18181818181818182,UMD,4.015131582585021
711,1999-12-13,0.09090909090909091,0.45454545454545453,UMD,3.5838197801096556
712,1999-12-14,0.18181818181818182,0.36363636363636365,UMD,3.611565128102345
713,1999-12-15,0.6363636363636364,0.2727272727272727,UMD,3.837460786228857
714,1999-12-16,0.0,0.8181818181818182,UMD,3.1573876429045074
715,1999-12-17,0.09090909090909091,0.8181818181818182,UMD,3.1226527091351173
716,1999-12-18,0.0,0.6363636363636364,UMD,2.8296273770109575
717,1999-12-19,0.0,0.09090909090909091,UMD,2.7258340367253786
718,1999-12-20,0.09090909090909091,0.09090909090909091,UMD,2.635020858519444
719,1999-12-21,0.0,0.18181818181818182,UMD,2.3745043164363295
720,1999-12-22,0.0,0.2727272727272727,UMD,2.2162040286739075
721,1999-12-23,0.0,0.2727272727272727,UMD,2.0684570934289805
722,1999-12-24,0.0,0.0,UMD,1.9305599538670486
723,1999-12-25,0.0,0.36363636363636365,UMD,1.801855956942579
724,1999-12-26,0.09090909090909091,0.18181818181818182,UMD,1.7726413173888316
725,1999-12-27,0.0,0.8181818181818182,UMD,1.7393137144113937
726,1999-12-28,0.18181818181818182,2.4545454545454546,UMD,1.8051776486021496
727,1999-12-29,0.0,0.45454545454545453,UMD,1.5999839871801882
728,1999-12-30,0.09090909090909091,1.8181818181818181,UMD,1.584227478943933
729,1999-12-31,0.0,0.09090909090909091,UMD,1.3937638288325194
730,1999-01-01,0.0,0.0,UMN,0.0
731,1999-01-02,0.0,0.0,UMN,0.0
732,1999-01-03,0.0,0.0,UMN,0.0
733,1999-01-04,0.0,0.0,UMN,0.0
734,1999-01-05,0.0,0.0,UMN,0.0
735,1999-01-06,0.0,0.0,UMN,0.0
736,1999-01-07,0.0,0.0,UMN,0.0
737,1999-01-08,0.0,0.0,UMN,0.0
738,1999-01-09,0.0,0.0,UMN,0.0
739,1999-01-10,0.18181818181818182,0.0,UMN,0.8370350030284383
740,1999-01-11,0.09090909090909091,0.0,UMN,0.7872932755538151
741,1999-01-12,0.0,0.0,UMN,0.8196555420320458
742,1999-01-13,0.0,0.0,UMN,1.1892542634723335
743,1999-01-14,0.0,0.0,UMN,1.7039100398469054
744,1999-01-15,0.2727272727272727,0.0,UMN,2.117588764463172
745,1999-01-16,0.09090909090909091,0.0,UMN,2.237022240771688
746,1999-01-17,0.36363636363636365,0.0,UMN,2.7060692429020605
747,1999-01-18,0.36363636363636365,0.0,UMN,3.058997960041923
748,1999-01-19,0.09090909090909091,0.0,UMN,3.2853677930088256
749,1999-01-20,0.6363636363636364,0.0,UMN,4.211797818929449
750,1999-01-21,0.36363636363636365,0.0,UMN,4.12495069160688
751,1999-01-22,0.5454545454545454,0.0,UMN,4.734802463681574
752,1999-01-23,0.6363636363636364,0.0,UMN,4.970664117617954
753,1999-01-24,0.18181818181818182,0.0,UMN,4.736256206746453
754,1999-01-25,0.2727272727272727,0.0,UMN,5.117475489933054
755,1999-01-26,0.5454545454545454,0.0,UMN,5.491461972422365
756,1999-01-27,0.36363636363636365,0.0,UMN,5.404152386382086
757,1999-01-28,0.7272727272727273,0.0,UMN,5.855996772744493
758,1999-01-29,0.5454545454545454,0.0,UMN,5.92620304850092
759,1999-01-30,0.6363636363636364,0.0,UMN,6.761425875570555
760,1999-01-31,0.18181818181818182,0.0,UMN,6.4076338475022165
761,1999-02-01,0.0,0.0,UMN,0.0
762,1999-02-02,0.0,0.0,UMN,0.0
763,1999-02-03,0.0,0.0,UMN,0.0
764,1999-02-04,0.0,0.0,UMN,0.0
765,1999-02-05,0.0,0.0,UMN,0.0
766,1999-02-06,0.0,0.0,UMN,0.0
767,1999-02-07,0.0,0.0,UMN,0.0
768,1999-02-08,0.0,0.0,UMN,0.0
769,1999-02-09,0.0,0.0,UMN,0.0
770,1999-02-10,0.2727272727272727,0.0,UMN,3.7604786326847233
771,1999-02-11,0.45454545454545453,0.0,UMN,4.473416420808773
772,1999-02-12,0.7272727272727273,0.0,UMN,5.157006841239702
773,1999-02-13,0.2727272727272727,0.0,UMN,4.831388203338874
774,1999-02-14,0.36363636363636365,0.0,UMN,5.297174444328404
775,1999-02-15,0.45454545454545453,0.0,UMN,5.653120390464086
776,1999-02-16,0.8181818181818182,0.0,UMN,6.094427515948298
777,1999-02-17,0.45454545454545453,0.0,UMN,5.718435378521443
778,1999-02-18,0.36363636363636365,0.0,UMN,5.870539686620012
779,1999-02-19,0.45454545454545453,0.0,UMN,6.357958252966558
780,1999-02-20,0.7272727272727273,0.0,UMN,6.83106406640515
781,1999-02-21,0.18181818181818182,0.0,UMN,6.302932522584201
782,1999-02-22,0.7272727272727273,0.0,UMN,6.949403687745254
783,1999-02-23,0.6363636363636364,0.0,UMN,6.952776775228904
784,1999-02-24,0.8181818181818182,0.0,UMN,7.222591656880311
785,1999-02-25,0.5454545454545454,0.0,UMN,7.0319946373307145
786,1999-02-26,0.5454545454545454,0.0,UMN,7.108649540296546
787,1999-02-27,0.7272727272727273,0.0,UMN,7.701406237610112
788,1999-02-28,0.18181818181818182,0.0,UMN,7.284948852072466
789,1999-03-01,0.0,0.0,UMN,0.0
790,1999-03-02,0.0,0.0,UMN,0.0
791,1999-03-03,0.0,0.0,UMN,0.0
792,1999-03-04,0.0,0.0,UMN,0.0
793,1999-03-05,0.0,0.0,UMN,0.0
794,1999-03-06,0.0,0.0,UMN,0.0
795,1999-03-07,0.0,0.0,UMN,0.0
796,1999-03-08,0.0,0.0,UMN,0.0
797,1999-03-09,0.0,0.0,UMN,0.0
798,1999-03-10,0.5454545454545454,0.0,UMN,4.410910923617379
799,1999-03-11,0.7272727272727273,0.0,UMN,4.504728983255008
800,1999-03-12,0.36363636363636365,0.0,UMN,4.058959172250129
801,1999-03-13,0.36363636363636365,0.0,UMN,4.067149772887999
802,1999-03-14,0.45454545454545453,0.0,UMN,4.165703424392436
803,1999-03-15,0.0,0.0,UMN,3.548595923372334
804,1999-03-16,0.09090909090909091,0.0,UMN,3.402931952723269
805,1999-03-17,0.09090909090909091,0.0,UMN,3.1821304286023238
806,1999-03-18,0.18181818181818182,0.0,UMN,3.1518065818470173
807,1999-03-19,0.18181818181818182,0.0,UMN,3.293201294572367
808,1999-03-20,0.45454545454545453,0.0,UMN,3.6978969658433014
809,1999-03-21,0.2727272727272727,0.0,UMN,3.469552319635566
810,1999-03-22,0.45454545454545453,0.0,UMN,3.9473397407507718
811,1999-03-23,0.18181818181818182,0.0,UMN,4.205395879246175
812,1999-03-24,0.5454545454545454,0.0,UMN,4.725036153963095
813,1999-03-25,0.7272727272727273,0.0,UMN,5.307003440668587
814,1999-03-26,1.0,0.0,UMN,5.953203211290679
815,1999-03-27,0.18181818181818182,0.0,UMN,5.313898754780393
816,1999-03-28,0.36363636363636365,0.0,UMN,6.08691156506776
817,1999-03-29,0.36363636363636365,0.0,UMN,6.553844733457183
818,1999-03-30,0.45454545454545453,0.0,UMN,6.9108611451660975
819,1999-03-31,0.36363636363636365,0.0,UMN,7.238015856700479
820,1999-04-01,0.0,0.0,UMN,0.0
821,1999-04-02,0.0,0.0,UMN,0.0
822,1999-04-03,0.0,0.0,UMN,0.0
823,1999-04-04,0.0,0.0,UMN,0.0
824,1999-04-05,0.0,0.0,UMN,0.0
825,1999-04-06,0.0,0.0,UMN,0.0
826,1999-04-07,0.0,0.0,UMN,0.0
827,1999-04-08,0.0,0.0,UMN,0.0
828,1999-04-09,0.0,0.0,UMN,0.0
829,1999-04-10,0.45454545454545453,0.0,UMN,4.22202302472678
830,1999-04-11,0.5454545454545454,0.0,UMN,4.995100277623783
831,1999-04-12,0.2727272727272727,0.0,UMN,5.189366319721592
832,1999-04-13,0.45454545454545453,0.0,UMN,6.061590383255304
833,1999-04-14,0.18181818181818182,0.0,UMN,6.8574843577049505
834,1999-04-15,0.18181818181818182,0.0,UMN,7.006379339918561
835,1999-04-16,0.5454545454545454,0.0,UMN,7.424135868772473
836,1999-04-17,0.7272727272727273,0.0,UMN,7.741314689642187
837,1999-04-18,0.36363636363636365,0.0,UMN,7.673711892150891
838,1999-04-19,0.36363636363636365,0.0,UMN,7.78031291752265
839,1999-04-20,0.6363636363636364,0.0,UMN,8.57677690483932
840,1999-04-21,0.45454545454545453,0.0,UMN,8.459537232395489
841,1999-04-22,0.09090909090909091,0.0,UMN,8.410719598720638
842,1999-04-23,0.5454545454545454,0.0,UMN,8.480307989108962
843,1999-04-24,0.18181818181818182,0.0,UMN,8.351317759531998
844,1999-04-25,0.45454545454545453,0.0,UMN,9.097593545260168
845,1999-04-26,0.09090909090909091,0.0,UMN,8.41229943012161
846,1999-04-27,0.2727272727272727,0.0,UMN,9.39693401356805
847,1999-04-28,0.5454545454545454,0.0,UMN,9.400774776299878
848,1999-04-29,0.2727272727272727,0.0,UMN,9.216480700304128
849,1999-04-30,0.5454545454545454,0.0,UMN,9.147503199071732
850,1999-05-01,0.0,0.0,UMN,0.0
851,1999-05-02,0.0,0.0,UMN,0.0
852,1999-05-03,0.0,0.0,UMN,0.0
853,1999-05-04,0.0,0.0,UMN,0.0
854,1999-05-05,0.0,0.0,UMN,0.0
855,1999-05-06,0.0,0.0,UMN,0.0
856,1999-05-07,0.0,0.0,UMN,0.0
857,1999-05-08,0.0,0.0,UMN,0.0
858,1999-05-09,0.0,0.0,UMN,0.0
859,1999-05-10,0.09090909090909091,0.0,UMN,4.816208092200517
860,1999-05-11,0.09090909090909091,0.0,UMN,4.670885128478058
861,1999-05-12,0.0,0.0,UMN,4.359492786579521
862,1999-05-13,0.0,0.0,UMN,4.323405388686341
863,1999-05-14,0.09090909090909091,0.0,UMN,4.3806329082284625
864,1999-05-15,0.09090909090909091,0.0,UMN,4.434045259801112
865,1999-05-16,0.09090909090909091,0.0,UMN,4.568745272784068
866,1999-05-17,0.09090909090909091,0.0,UMN,4.355071345507555
867,1999-05-18,0.0,0.0,UMN,4.2344302255040205
868,1999-05-19,0.0,0.0,UMN,4.291528816531025
869,1999-05-20,0.0,0.0,UMN,4.005426895428957
870,1999-05-21,0.09090909090909091,0.0,UMN,3.8293075266427845
871,1999-05-22,0.0,0.0,UMN,3.743717327896901
872,1999-05-23,0.0,0.0,UMN,3.578984657552259
873,1999-05-24,0.0,0.0,UMN,3.340385680382109
874,1999-05-25,0.45454545454545453,0.0,UMN,3.572238756235423
875,1999-05-26,0.09090909090909091,0.0,UMN,3.0856046573348803
876,1999-05-27,0.2727272727272727,0.0,UMN,3.0677764680580086
877,1999-05-28,0.0,0.0,UMN,2.778409552005656
878,1999-05-29,0.18181818181818182,0.0,UMN,2.7750004303567946
879,1999-05-30,0.09090909090909091,0.0,UMN,2.511212522878463
880,1999-05-31,0.0,0.0,UMN,2.6831922940805053
881,1999-06-01,0.0,0.0,UMN,0.0
882,1999-06-02,0.0,0.0,UMN,0.0
883,1999-06-03,0.0,0.0,UMN,0.0
884,1999-06-04,0.0,0.0,UMN,0.0
885,1999-06-05,0.0,0.0,UMN,0.0
886,1999-06-06,0.0,0.0,UMN,0.0
887,1999-06-07,0.0,0.0,UMN,0.0
888,1999-06-08,0.0,0.0,UMN,0.0
889,1999-06-09,0.0,0.0,UMN,0.0
890,1999-06-10,0.09090909090909091,0.0,UMN,1.528032225102234
891,1999-06-11,0.2727272727272727,0.0,UMN,2.038284622216631
892,1999-06-12,0.09090909090909091,0.0,UMN,1.9084595867961285
893,1999-06-13,0.36363636363636365,0.0,UMN,2.1448653113127496
894,1999-06-14,0.18181818181818182,0.0,UMN,2.0139955026797787
895,1999-06-15,0.36363636363636365,0.0,UMN,2.243365499470823
896,1999-06-16,0.0,0.0,UMN,1.8392623449606476
897,1999-06-17,0.18181818181818182,0.0,UMN,1.8984630371147857
898,1999-06-18,0.18181818181818182,0.0,UMN,1.7840200467616791
899,1999-06-19,0.36363636363636365,0.0,UMN,1.9438732557654461
900,1999-06-20,0.09090909090909091,0.0,UMN,1.7354938265932047
901,1999-06-21,0.09090909090909091,0.0,UMN,1.625854844214264
902,1999-06-22,0.09090909090909091,0.0,UMN,1.6932220970242218
903,1999-06-23,0.0,0.0,UMN,1.4954921390407885
904,1999-06-24,0.2727272727272727,0.0,UMN,1.6685199358320089
905,1999-06-25,0.2727272727272727,0.0,UMN,1.6603155764735116
906,1999-06-26,0.18181818181818182,0.0,UMN,1.4769005986480046
907,1999-06-27,0.2727272727272727,0.0,UMN,1.5663193466169254
908,1999-06-28,0.09090909090909091,0.0,UMN,1.4679586629030696
909,1999-06-29,0.2727272727272727,0.0,UMN,1.6428220247701382
910,1999-06-30,0.0,0.0,UMN,1.8726944958460683
911,1999-07-01,0.0,0.0,UMN,0.0
912,1999-07-02,0.0,0.0,UMN,0.0
913,1999-07-03,0.0,0.0,UMN,0.0
914,1999-07-04,0.0,0.0,UMN,0.0
915,1999-07-05,0.0,0.0,UMN,0.0
916,1999-07-06,0.0,0.0,UMN,0.0
917,1999-07-07,0.0,0.0,UMN,0.0
918,1999-07-08,0.0,0.0,UMN,0.0
919,1999-07-09,0.0,0.0,UMN,0.0
920,1999-07-10,0.09090909090909091,0.0,UMN,1.0758758701406033
921,1999-07-11,0.18181818181818182,0.0,UMN,1.2708174787978963
922,1999-07-12,0.09090909090909091,0.0,UMN,1.2770054044537942
923,1999-07-13,0.36363636363636365,0.0,UMN,1.725205044156875
924,1999-07-14,0.0,0.0,UMN,1.610191374546416
925,1999-07-15,0.2727272727272727,0.0,UMN,1.7755725556372612
926,1999-07-16,0.09090909090909091,0.0,UMN,1.8329586276856866
927,1999-07-17,0.2727272727272727,0.0,UMN,1.983488658567247
928,1999-07-18,0.18181818181818182,0.0,UMN,2.033074263147612
929,1999-07-19,0.09090909090909091,0.0,UMN,2.073293554695347
930,1999-07-20,0.09090909090909091,0.0,UMN,2.195680044988385
931,1999-07-21,0.09090909090909091,0.0,UMN,2.225058951080068
932,1999-07-22,0.18181818181818182,0.0,UMN,2.1736913846444277
933,1999-07-23,0.18181818181818182,0.0,UMN,2.295445292334799
934,1999-07-24,0.09090909090909091,0.0,UMN,2.0636277273912667
935,1999-07-25,0.18181818181818182,0.0,UMN,2.107870727383364
936,1999-07-26,0.18181818181818182,0.0,UMN,2.06431570919417
937,1999-07-27,0.2727272727272727,0.0,UMN,2.1994219346418316
938,1999-07-28,0.0,0.0,UMN,1.9679453208172246
939,1999-07-29,0.09090909090909091,0.0,UMN,2.012506541853652
940,1999-07-30,0.2727272727272727,0.0,UMN,2.0662182269421963
941,1999-07-31,0.09090909090909091,0.0,UMN,1.8496824663581715
942,1999-08-01,0.0,0.0,UMN,0.0
943,1999-08-02,0.0,0.0,UMN,0.0
944,1999-08-03,0.0,0.0,UMN,0.0
945,1999-08-04,0.0,0.0,UMN,0.0
946,1999-08-05,0.0,0.0,UMN,0.0
947,1999-08-06,0.0,0.0,UMN,0.0
948,1999-08-07,0.0,0.0,UMN,0.0
949,1999-08-08,0.0,0.0,UMN,0.0
950,1999-08-09,0.0,0.0,UMN,0.0
951,1999-08-10,0.18181818181818182,0.0,UMN,1.064039704888877
952,1999-08-11,0.0,0.0,UMN,0.8234067548659822
953,1999-08-12,0.0,0.0,UMN,0.7685129712082499
954,1999-08-13,0.0,0.0,UMN,0.7172787731276999
955,1999-08-14,0.18181818181818182,0.0,UMN,0.9361268549191869
956,1999-08-15,0.0,0.0,UMN,0.7888699130760894
957,1999-08-16,0.09090909090909091,0.0,UMN,0.996884646143744
958,1999-08-17,0.0,0.0,UMN,1.015274154582646
959,1999-08-18,0.0,0.0,UMN,1.2869831503377425
960,1999-08-19,0.0,0.0,UMN,1.964820637284923
961,1999-08-20,0.09090909090909091,0.0,UMN,2.518681079647746
962,1999-08-21,0.0,0.0,UMN,2.7750114319136543
963,1999-08-22,0.0,0.0,UMN,3.1839500637254714
964,1999-08-23,0.0,0.0,UMN,3.5656261200831683
965,1999-08-24,0.09090909090909091,0.0,UMN,4.0127661969261075
966,1999-08-25,0.09090909090909091,0.0,UMN,4.090702995918912
967,1999-08-26,0.09090909090909091,0.0,UMN,4.078595523463713
968,1999-08-27,0.0,0.0,UMN,4.400628549172192
969,1999-08-28,0.0,0.0,UMN,4.786041191348591
970,1999-08-29,0.18181818181818182,0.0,UMN,5.073032384652625
971,1999-08-30,0.18181818181818182,0.0,UMN,5.001496892342448
972,1999-08-31,0.0,0.0,UMN,4.837760735883257
973,1999-09-01,0.0,0.0,UMN,0.0
974,1999-09-02,0.0,0.0,UMN,0.0
975,1999-09-03,0.0,0.0,UMN,0.0
976,1999-09-04,0.0,0.0,UMN,0.0
977,1999-09-05,0.0,0.0,UMN,0.0
978,1999-09-06,0.0,0.0,UMN,0.0
979,1999-09-07,0.0,0.0,UMN,0.0
980,1999-09-08,0.0,0.0,UMN,0.0
981,1999-09-09,0.0,0.0,UMN,0.0
982,1999-09-10,0.6363636363636364,0.0,UMN,3.1542437792884654
983,1999-09-11,0.09090909090909091,0.0,UMN,2.865172981881355
984,1999-09-12,0.45454545454545453,0.0,UMN,4.1468887224832045
985,1999-09-13,0.45454545454545453,0.0,UMN,4.155277959166142
986,1999-09-14,0.18181818181818182,0.0,UMN,4.229774580070217
987,1999-09-15,0.18181818181818182,0.0,UMN,4.638698698974628
988,1999-09-16,0.45454545454545453,0.0,UMN,5.377936967527834
989,1999-09-17,0.45454545454545453,0.0,UMN,5.728498745450221
990,1999-09-18,0.2727272727272727,0.0,UMN,5.7041745866626306
991,1999-09-19,0.18181818181818182,0.0,UMN,5.929956886945729
992,1999-09-20,0.5454545454545454,0.0,UMN,6.334626427816014
993,1999-09-21,0.36363636363636365,0.0,UMN,6.191105878082825
994,1999-09-22,0.5454545454545454,0.0,UMN,6.49351700136215
995,1999-09-23,0.2727272727272727,0.0,UMN,6.3333431406652805
996,1999-09-24,0.5454545454545454,0.0,UMN,6.880817234317897
997,1999-09-25,0.2727272727272727,0.0,UMN,6.77967184293913
998,1999-09-26,0.5454545454545454,0.0,UMN,7.297390689773491
999,1999-09-27,0.18181818181818182,0.0,UMN,6.907867674091622
1000,1999-09-28,0.18181818181818182,0.0,UMN,7.307949223091574
1001,1999-09-29,0.2727272727272727,0.0,UMN,7.772267759733956
1002,1999-09-30,0.18181818181818182,0.0,UMN,7.520783242418357
1003,1999-10-01,0.0,0.0,UMN,0.0
1004,1999-10-02,0.0,0.0,UMN,0.0
1005,1999-10-03,0.0,0.0,UMN,0.0
1006,1999-10-04,0.0,0.0,UMN,0.0
1007,1999-10-05,0.0,0.0,UMN,0.0
1008,1999-10-06,0.0,0.0,UMN,0.0
1009,1999-10-07,0.0,0.0,UMN,0.0
1010,1999-10-08,0.0,0.0,UMN,0.0
1011,1999-10-09,0.0,0.0,UMN,0.0
1012,1999-10-10,0.2727272727272727,3.4545454545454546,UMN,4.2732464574279625
1013,1999-10-11,0.45454545454545453,2.6363636363636362,UMN,4.782302754205492
1014,1999-10-12,0.09090909090909091,2.5454545454545454,UMN,4.639240146349369
1015,1999-10-13,0.6363636363636364,3.272727272727273,UMN,5.984502924471533
1016,1999-10-14,0.2727272727272727,2.090909090909091,UMN,6.791596668900701
1017,1999-10-15,0.45454545454545453,10.818181818181818,UMN,7.472156890973988
1018,1999-10-16,0.45454545454545453,9.636363636363637,UMN,7.343710067939359
1019,1999-10-17,0.6363636363636364,2.1818181818181817,UMN,8.084432427046433
1020,1999-10-18,0.2727272727272727,2.090909090909091,UMN,7.563652083425155
1021,1999-10-19,0.36363636363636365,6.818181818181818,UMN,7.423044974833175
1022,1999-10-20,0.6363636363636364,4.090909090909091,UMN,8.243326824995812
1023,1999-10-21,0.36363636363636365,2.1818181818181817,UMN,8.311953521511244
1024,1999-10-22,0.45454545454545453,2.3636363636363638,UMN,8.551762680683222
1025,1999-10-23,0.45454545454545453,3.1818181818181817,UMN,8.945281532274036
1026,1999-10-24,0.7272727272727273,1.0909090909090908,UMN,9.58529306648607
1027,1999-10-25,0.2727272727272727,1.5454545454545454,UMN,9.049303831750636
1028,1999-10-26,0.2727272727272727,1.9090909090909092,UMN,8.888441152058169
1029,1999-10-27,0.18181818181818182,0.7272727272727273,UMN,8.647393560102776
1030,1999-10-28,0.2727272727272727,1.5454545454545454,UMN,9.78605217124744
1031,1999-10-29,0.2727272727272727,0.6363636363636364,UMN,9.830618390133974
1032,1999-10-30,0.18181818181818182,0.18181818181818182,UMN,10.120698376246256
1033,1999-10-31,0.45454545454545453,0.7272727272727273,UMN,10.409621514799534
1034,1999-11-01,0.0,0.0,UMN,0.0
1035,1999-11-02,0.0,0.0,UMN,0.0
1036,1999-11-03,0.0,0.0,UMN,0.0
1037,1999-11-04,0.0,0.0,UMN,0.0
1038,1999-11-05,0.0,0.0,UMN,0.0
1039,1999-11-06,0.0,0.0,UMN,0.0
1040,1999-11-07,0.0,0.0,UMN,0.0
1041,1999-11-08,0.0,0.0,UMN,0.0
1042,1999-11-09,0.0,0.0,UMN,0.0
1043,1999-11-10,0.5454545454545454,3.1818181818181817,UMN,5.76704379371742
1044,1999-11-11,0.36363636363636365,0.9090909090909091,UMN,5.83105905595444
1045,1999-11-12,0.6363636363636364,2.3636363636363638,UMN,6.333230876466569
1046,1999-11-13,0.5454545454545454,139.8181818181818,UMN,6.371621545308191
1047,1999-11-14,0.5454545454545454,13.454545454545455,UMN,6.577149805924008
1048,1999-11-15,0.36363636363636365,2.909090909090909,UMN,6.417461030983622
1049,1999-11-16,0.36363636363636365,1.6363636363636365,UMN,6.438115144069562
1050,1999-11-17,0.18181818181818182,2.5454545454545454,UMN,6.614968073858864
1051,1999-11-18,0.36363636363636365,1.6363636363636365,UMN,7.216394444692515
1052,1999-11-19,0.45454545454545453,1.9090909090909092,UMN,7.104998451409984
1053,1999-11-20,0.36363636363636365,0.8181818181818182,UMN,6.825271281922046
1054,1999-11-21,1.0,1.8181818181818181,UMN,7.3702531964605775
1055,1999-11-22,0.36363636363636365,0.9090909090909091,UMN,6.563751468211689
1056,1999-11-23,0.45454545454545453,0.7272727272727273,UMN,6.326168036997575
1057,1999-11-24,0.7272727272727273,0.5454545454545454,UMN,6.207453804228042
1058,1999-11-25,0.9090909090909091,1.7272727272727273,UMN,6.0239265809158695
1059,1999-11-26,0.36363636363636365,1.5454545454545454,UMN,5.222331475521478
1060,1999-11-27,0.2727272727272727,0.45454545454545453,UMN,4.892357862001865
1061,1999-11-28,0.18181818181818182,0.8181818181818182,UMN,4.748018853019922
1062,1999-11-29,0.2727272727272727,0.7272727272727273,UMN,5.043605474939807
1063,1999-11-30,0.45454545454545453,2.272727272727273,UMN,5.246759049337759
1064,1999-12-01,0.0,0.0,UMN,0.0
1065,1999-12-02,0.0,0.0,UMN,0.0
1066,1999-12-03,0.0,0.0,UMN,0.0
1067,1999-12-04,0.0,0.0,UMN,0.0
1068,1999-12-05,0.0,0.0,UMN,0.0
1069,1999-12-06,0.0,0.0,UMN,0.0
1070,1999-12-07,0.0,0.0,UMN,0.0
1071,1999-12-08,0.0,0.0,UMN,0.0
1072,1999-12-09,0.0,0.0,UMN,0.0
1073,1999-12-10,0.9090909090909091,0.36363636363636365,UMN,3.8601348176706525
1074,1999-12-11,0.45454545454545453,0.09090909090909091,UMN,3.6330955267956395
1075,1999-12-12,0.9090909090909091,0.18181818181818182,UMN,4.4696770371304755
1076,1999-12-13,0.2727272727272727,1.4545454545454546,UMN,3.7656379619278373
1077,1999-12-14,0.6363636363636364,1.0,UMN,4.0661105826478
1078,1999-12-15,0.2727272727272727,2.4545454545454546,UMN,3.473824422592493
1079,1999-12-16,0.6363636363636364,78.81818181818181,UMN,3.7937512792681436
1080,1999-12-17,0.36363636363636365,72.36363636363636,UMN,3.3953799818623893
1081,1999-12-18,0.09090909090909091,15.090909090909092,UMN,2.9205364679200483
1082,1999-12-19,0.2727272727272727,7.181818181818182,UMN,2.998561309452651
1083,1999-12-20,0.09090909090909091,7.454545454545454,UMN,2.635020858519444
1084,1999-12-21,0.18181818181818182,12.090909090909092,UMN,2.556322498254511
1085,1999-12-22,0.0,6.545454545454546,UMN,2.2162040286739075
1086,1999-12-23,0.0,1.1818181818181819,UMN,2.0684570934289805
1087,1999-12-24,0.0,1.0909090909090908,UMN,1.9305599538670486
1088,1999-12-25,0.0,0.09090909090909091,UMN,1.801855956942579
1089,1999-12-26,0.0,0.6363636363636364,UMN,1.6817322264797403
1090,1999-12-27,0.09090909090909091,1.3636363636363635,UMN,1.8302228053204848
1091,1999-12-28,0.18181818181818182,5.0,UMN,1.8051776486021496
1092,1999-12-29,0.09090909090909091,11.090909090909092,UMN,1.690893078089279
1093,1999-12-30,0.0,2.272727272727273,UMN,1.4933183880348424
1094,1999-12-31,0.0,3.1818181818181817,UMN,1.3937638288325194
1095,1999-01-01,0.0,0.0,Stanford,0.0
1096,1999-01-02,0.0,0.0,Stanford,0.0
1097,1999-01-03,0.0,0.0,Stanford,0.0
1098,1999-01-04,0.0,0.0,Stanford,0.0
1099,1999-01-05,0.0,0.0,Stanford,0.0
1100,1999-01-06,0.0,0.0,Stanford,0.0
1101,1999-01-07,0.0,0.0,Stanford,0.0
1102,1999-01-08,0.0,0.0,Stanford,0.0
1103,1999-01-09,0.0,0.0,Stanford,0.0
1104,1999-01-10,0.8181818181818182,0.0,Stanford,1.473398639392075
1105,1999-01-11,0.45454545454545453,0.0,Stanford,1.1509296391901787
1106,1999-01-12,0.45454545454545453,0.0,Stanford,1.2742009965775003
1107,1999-01-13,0.9090909090909091,0.0,Stanford,2.098345172563243
1108,1999-01-14,0.8181818181818182,0.0,Stanford,2.5220918580287237
1109,1999-01-15,0.45454545454545453,0.0,Stanford,2.299406946281354
1110,1999-01-16,0.6363636363636364,0.0,Stanford,2.782476786226233
1111,1999-01-17,0.7272727272727273,0.0,Stanford,3.0697056065384243
1112,1999-01-18,0.6363636363636364,0.0,Stanford,3.331725232769196
1113,1999-01-19,0.36363636363636365,0.0,Stanford,3.5580950657360986
1114,1999-01-20,0.5454545454545454,0.0,Stanford,4.120888728020359
1115,1999-01-21,0.6363636363636364,0.0,Stanford,4.397677964334154
1116,1999-01-22,0.6363636363636364,0.0,Stanford,4.825711554590665
1117,1999-01-23,0.5454545454545454,0.0,Stanford,4.879755026708863
1118,1999-01-24,0.7272727272727273,0.0,Stanford,5.281710752200998
1119,1999-01-25,0.9090909090909091,0.0,Stanford,5.753839126296691
1120,1999-01-26,0.36363636363636365,0.0,Stanford,5.309643790604183
1121,1999-01-27,0.7272727272727273,0.0,Stanford,5.76778875001845
1122,1999-01-28,1.0,0.0,Stanford,6.128724045471767
1123,1999-01-29,0.2727272727272727,0.0,Stanford,5.653475775773647
1124,1999-01-30,0.6363636363636364,0.0,Stanford,6.761425875570555
1125,1999-01-31,0.8181818181818182,0.0,Stanford,7.0439974838658514
1126,1999-02-01,0.0,0.0,Stanford,0.0
1127,1999-02-02,0.0,0.0,Stanford,0.0
1128,1999-02-03,0.0,0.0,Stanford,0.0
1129,1999-02-04,0.0,0.0,Stanford,0.0
1130,1999-02-05,0.0,0.0,Stanford,0.0
1131,1999-02-06,0.0,0.0,Stanford,0.0
1132,1999-02-07,0.0,0.0,Stanford,0.0
1133,1999-02-08,0.0,0.0,Stanford,0.0
1134,1999-02-09,0.0,0.0,Stanford,0.0
1135,1999-02-10,0.6363636363636364,0.0,Stanford,4.1241149963210875
1136,1999-02-11,0.6363636363636364,0.0,Stanford,4.655234602626954
1137,1999-02-12,0.5454545454545454,0.0,Stanford,4.97518865942152
1138,1999-02-13,0.7272727272727273,0.0,Stanford,5.285933657884328
1139,1999-02-14,1.0,0.0,Stanford,5.93353808069204
1140,1999-02-15,0.18181818181818182,0.0,Stanford,5.380393117736814
1141,1999-02-16,0.5454545454545454,0.0,Stanford,5.821700243221025
1142,1999-02-17,0.8181818181818182,0.0,Stanford,6.082071742157807
1143,1999-02-18,0.8181818181818182,0.0,Stanford,6.325085141165467
1144,1999-02-19,0.7272727272727273,0.0,Stanford,6.630685525693829
1145,1999-02-20,0.5454545454545454,0.0,Stanford,6.649245884586969
1146,1999-02-21,0.6363636363636364,0.0,Stanford,6.757477977129656
1147,1999-02-22,0.8181818181818182,0.0,Stanford,7.040312778654346
1148,1999-02-23,0.8181818181818182,0.0,Stanford,7.134594957047086
1149,1999-02-24,1.0909090909090908,0.0,Stanford,7.495318929607583
1150,1999-02-25,0.9090909090909091,0.0,Stanford,7.39563100096708
1151,1999-02-26,0.5454545454545454,0.0,Stanford,7.108649540296546
1152,1999-02-27,0.36363636363636365,0.0,Stanford,7.337769873973747
1153,1999-02-28,0.5454545454545454,0.0,Stanford,7.648585215708829
1154,1999-03-01,0.0,0.0,Stanford,0.0
1155,1999-03-02,0.0,0.0,Stanford,0.0
1156,1999-03-03,0.0,0.0,Stanford,0.0
1157,1999-03-04,0.0,0.0,Stanford,0.0
1158,1999-03-05,0.0,0.0,Stanford,0.0
1159,1999-03-06,0.0,0.0,Stanford,0.0
1160,1999-03-07,0.0,0.0,Stanford,0.0
1161,1999-03-08,0.0,0.0,Stanford,0.0
1162,1999-03-09,0.0,0.0,Stanford,0.0
1163,1999-03-10,0.18181818181818182,0.0,Stanford,4.047274559981016
1164,1999-03-11,0.36363636363636365,0.0,Stanford,4.141092619618645
1165,1999-03-12,0.45454545454545453,0.0,Stanford,4.14986826315922
1166,1999-03-13,0.36363636363636365,0.0,Stanford,4.067149772887998
1167,1999-03-14,0.45454545454545453,0.0,Stanford,4.165703424392436
1168,1999-03-15,0.45454545454545453,0.0,Stanford,4.003141377917789
1169,1999-03-16,0.2727272727272727,0.0,Stanford,3.584750134541451
1170,1999-03-17,0.45454545454545453,0.0,Stanford,3.5457667922386875
1171,1999-03-18,0.18181818181818182,0.0,Stanford,3.1518065818470173
1172,1999-03-19,0.09090909090909091,0.0,Stanford,3.202292203663277
1173,1999-03-20,0.0,0.0,Stanford,3.243351511297847
1174,1999-03-21,0.09090909090909091,0.0,Stanford,3.287734137817384
1175,1999-03-22,0.0,0.0,Stanford,3.492794286205316
1176,1999-03-23,0.09090909090909091,0.0,Stanford,4.114486788337083
1177,1999-03-24,0.0,0.0,Stanford,4.17958160850855
1178,1999-03-25,0.0,0.0,Stanford,4.579730713395859
1179,1999-03-26,0.18181818181818182,0.0,Stanford,5.135021393108864
1180,1999-03-27,0.09090909090909091,0.0,Stanford,5.222989663871302
1181,1999-03-28,0.45454545454545453,0.0,Stanford,6.177820655976851
1182,1999-03-29,0.45454545454545453,0.0,Stanford,6.644753824366274
1183,1999-03-30,0.36363636363636365,0.0,Stanford,6.819952054257007
1184,1999-03-31,0.2727272727272727,0.0,Stanford,7.147106765791389
1185,1999-04-01,0.0,0.0,Stanford,0.0
1186,1999-04-02,0.0,0.0,Stanford,0.0
1187,1999-04-03,0.0,0.0,Stanford,0.0
1188,1999-04-04,0.0,0.0,Stanford,0.0
1189,1999-04-05,0.0,0.0,Stanford,0.0
1190,1999-04-06,0.0,0.0,Stanford,0.0
1191,1999-04-07,0.0,0.0,Stanford,0.0
1192,1999-04-08,0.0,0.0,Stanford,0.0
1193,1999-04-09,0.0,0.0,Stanford,0.0
1194,1999-04-10,0.9090909090909091,0.0,Stanford,4.676568479272235
1195,1999-04-11,1.0,0.0,Stanford,5.449645732169237
1196,1999-04-12,1.1818181818181819,0.0,Stanford,6.098457228812501
1197,1999-04-13,0.6363636363636364,0.0,Stanford,6.243408565073485
1198,1999-04-14,1.1818181818181819,0.0,Stanford,7.8574843577049505
1199,1999-04-15,0.8181818181818182,0.0,Stanford,7.642742976282196
1200,1999-04-16,0.8181818181818182,0.0,Stanford,7.696863141499747
1201,1999-04-17,0.36363636363636365,0.0,Stanford,7.377678326005824
1202,1999-04-18,0.5454545454545454,0.0,Stanford,7.8555300739690725
1203,1999-04-19,0.9090909090909091,0.0,Stanford,8.325767462977195
1204,1999-04-20,1.0,0.0,Stanford,8.940413268475684
1205,1999-04-21,0.8181818181818182,0.0,Stanford,8.823173596031852
1206,1999-04-22,0.5454545454545454,0.0,Stanford,8.865265053266093
1207,1999-04-23,0.45454545454545453,0.0,Stanford,8.38939889819987
1208,1999-04-24,0.36363636363636365,0.0,Stanford,8.53313594135018
1209,1999-04-25,0.8181818181818182,0.0,Stanford,9.461229908896529
1210,1999-04-26,0.8181818181818182,0.0,Stanford,9.139572157394339
1211,1999-04-27,0.6363636363636364,0.0,Stanford,9.760570377204415
1212,1999-04-28,0.5454545454545454,0.0,Stanford,9.400774776299876
1213,1999-04-29,0.2727272727272727,0.0,Stanford,9.216480700304128
1214,1999-04-30,0.5454545454545454,0.0,Stanford,9.14750319907173
1215,1999-05-01,0.0,0.0,Stanford,0.0
1216,1999-05-02,0.0,0.0,Stanford,0.0
1217,1999-05-03,0.0,0.0,Stanford,0.0
1218,1999-05-04,0.0,0.0,Stanford,0.0
1219,1999-05-05,0.0,0.0,Stanford,0.0
1220,1999-05-06,0.0,0.0,Stanford,0.0
1221,1999-05-07,0.0,0.0,Stanford,0.0
1222,1999-05-08,0.0,0.0,Stanford,0.0
1223,1999-05-09,0.0,0.0,Stanford,0.0
1224,1999-05-10,0.45454545454545453,0.0,Stanford,5.17984445583688
1225,1999-05-11,0.45454545454545453,0.0,Stanford,5.034521492114421
1226,1999-05-12,0.36363636363636365,0.0,Stanford,4.723129150215885
1227,1999-05-13,0.7272727272727273,0.0,Stanford,5.050678115959069
1228,1999-05-14,0.6363636363636364,0.0,Stanford,4.926087453683008
1229,1999-05-15,0.5454545454545454,0.0,Stanford,4.888590714346567
1230,1999-05-16,0.45454545454545453,0.0,Stanford,4.932381636420431
1231,1999-05-17,0.45454545454545453,0.0,Stanford,4.718707709143918
1232,1999-05-18,0.6363636363636364,0.0,Stanford,4.870793861867657
1233,1999-05-19,0.5454545454545454,0.0,Stanford,4.83698336198557
1234,1999-05-20,1.0,0.0,Stanford,5.005426895428957
1235,1999-05-21,0.45454545454545453,0.0,Stanford,4.192943890279148
1236,1999-05-22,0.5454545454545454,0.0,Stanford,4.289171873351446
1237,1999-05-23,1.0909090909090908,0.0,Stanford,4.66989374846135
1238,1999-05-24,0.5454545454545454,0.0,Stanford,3.885840225836655
1239,1999-05-25,0.7272727272727273,0.0,Stanford,3.844966028962696
1240,1999-05-26,0.36363636363636365,0.0,Stanford,3.358331930062153
1241,1999-05-27,0.5454545454545454,0.0,Stanford,3.3405037407852816
1242,1999-05-28,0.36363636363636365,0.0,Stanford,3.1420459156420204
1243,1999-05-29,0.6363636363636364,0.0,Stanford,3.229545884902249
1244,1999-05-30,1.0909090909090908,0.0,Stanford,3.5112125228784623
1245,1999-05-31,0.5454545454545454,0.0,Stanford,3.2286468395350507
1246,1999-06-01,0.0,0.0,Stanford,0.0
1247,1999-06-02,0.0,0.0,Stanford,0.0
1248,1999-06-03,0.0,0.0,Stanford,0.0
1249,1999-06-04,0.0,0.0,Stanford,0.0
1250,1999-06-05,0.0,0.0,Stanford,0.0
1251,1999-06-06,0.0,0.0,Stanford,0.0
1252,1999-06-07,0.0,0.0,Stanford,0.0
1253,1999-06-08,0.0,0.0,Stanford,0.0
1254,1999-06-09,0.0,0.0,Stanford,0.0
1255,1999-06-10,0.45454545454545453,0.0,Stanford,1.8916685887385976
1256,1999-06-11,0.45454545454545453,0.0,Stanford,2.2201028040348123
1257,1999-06-12,0.36363636363636365,0.0,Stanford,2.181186859523401
1258,1999-06-13,0.2727272727272727,0.0,Stanford,2.0539562204036588
1259,1999-06-14,0.09090909090909091,0.0,Stanford,1.9230864117706878
1260,1999-06-15,0.18181818181818182,0.0,Stanford,2.0615473176526415
1261,1999-06-16,0.18181818181818182,0.0,Stanford,2.0210805267788294
1262,1999-06-17,0.18181818181818182,0.0,Stanford,1.8984630371147864
1263,1999-06-18,0.0,0.0,Stanford,1.6022018649434977
1264,1999-06-19,0.0,0.0,Stanford,1.5802368921290826
1265,1999-06-20,0.2727272727272727,0.0,Stanford,1.9173120084113864
1266,1999-06-21,0.2727272727272727,0.0,Stanford,1.8076730260324458
1267,1999-06-22,0.09090909090909091,0.0,Stanford,1.6932220970242218
1268,1999-06-23,0.0,0.0,Stanford,1.4954921390407885
1269,1999-06-24,0.0,0.0,Stanford,1.395792663104736
1270,1999-06-25,0.18181818181818182,0.0,Stanford,1.5694064855644208
1271,1999-06-26,0.0,0.0,Stanford,1.2950824168298227
1272,1999-06-27,0.18181818181818182,0.0,Stanford,1.4754102557078346
1273,1999-06-28,0.18181818181818182,0.0,Stanford,1.5588677538121607
1274,1999-06-29,0.18181818181818182,0.0,Stanford,1.5519129338610471
1275,1999-06-30,0.45454545454545453,0.0,Stanford,2.327239950391523
1276,1999-07-01,0.0,0.0,Stanford,0.0
1277,1999-07-02,0.0,0.0,Stanford,0.0
1278,1999-07-03,0.0,0.0,Stanford,0.0
1279,1999-07-04,0.0,0.0,Stanford,0.0
1280,1999-07-05,0.0,0.0,Stanford,0.0
1281,1999-07-06,0.0,0.0,Stanford,0.0
1282,1999-07-07,0.0,0.0,Stanford,0.0
1283,1999-07-08,0.0,0.0,Stanford,0.0
1284,1999-07-09,0.0,0.0,Stanford,0.0
1285,1999-07-10,0.0,0.0,Stanford,0.9849667792315123
1286,1999-07-11,0.18181818181818182,0.0,Stanford,1.2708174787978963
1287,1999-07-12,0.18181818181818182,0.0,Stanford,1.3679144953628852
1288,1999-07-13,0.5454545454545454,0.0,Stanford,1.9070232259750568
1289,1999-07-14,0.09090909090909091,0.0,Stanford,1.701100465455507
1290,1999-07-15,0.0,0.0,Stanford,1.502845282909989
1291,1999-07-16,0.18181818181818182,0.0,Stanford,1.9238677185947777
1292,1999-07-17,0.18181818181818182,0.0,Stanford,1.8925795676581558
1293,1999-07-18,0.09090909090909091,0.0,Stanford,1.9421651722385214
1294,1999-07-19,0.09090909090909091,0.0,Stanford,2.073293554695347
1295,1999-07-20,0.18181818181818182,0.0,Stanford,2.2865891358974757
1296,1999-07-21,0.18181818181818182,0.0,Stanford,2.3159680419891586
1297,1999-07-22,0.09090909090909091,0.0,Stanford,2.0827822937353364
1298,1999-07-23,0.0,0.0,Stanford,2.113627110516617
1299,1999-07-24,0.18181818181818182,0.0,Stanford,2.1545368183003575
1300,1999-07-25,0.18181818181818182,0.0,Stanford,2.107870727383364
1301,1999-07-26,0.6363636363636364,0.0,Stanford,2.518861163739625
1302,1999-07-27,0.18181818181818182,0.0,Stanford,2.1085128437327403
1303,1999-07-28,0.36363636363636365,0.0,Stanford,2.331581684453588
1304,1999-07-29,0.18181818181818182,0.0,Stanford,2.103415632762743
1305,1999-07-30,0.18181818181818182,0.0,Stanford,1.9753091360331057
1306,1999-07-31,0.36363636363636365,0.0,Stanford,2.1224097390854446
1307,1999-08-01,0.0,0.0,Stanford,0.0
1308,1999-08-02,0.0,0.0,Stanford,0.0
1309,1999-08-03,0.0,0.0,Stanford,0.0
1310,1999-08-04,0.0,0.0,Stanford,0.0
1311,1999-08-05,0.0,0.0,Stanford,0.0
1312,1999-08-06,0.0,0.0,Stanford,0.0
1313,1999-08-07,0.0,0.0,Stanford,0.0
1314,1999-08-08,0.0,0.0,Stanford,0.0
1315,1999-08-09,0.0,0.0,Stanford,0.0
1316,1999-08-10,0.18181818181818182,0.0,Stanford,1.064039704888877
1317,1999-08-11,0.09090909090909091,0.0,Stanford,0.9143158457750732
1318,1999-08-12,0.09090909090909091,0.0,Stanford,0.8594220621173408
1319,1999-08-13,0.2727272727272727,0.0,Stanford,0.9900060458549725
1320,1999-08-14,0.09090909090909091,0.0,Stanford,0.8452177640100956
1321,1999-08-15,0.0,0.0,Stanford,0.7888699130760894
1322,1999-08-16,0.2727272727272727,0.0,Stanford,1.1787028279619258
1323,1999-08-17,0.09090909090909091,0.0,Stanford,1.106183245491737
1324,1999-08-18,0.09090909090909091,0.0,Stanford,1.3778922412468335
1325,1999-08-19,0.2727272727272727,0.0,Stanford,2.237547910012196
1326,1999-08-20,0.18181818181818182,0.0,Stanford,2.609590170556837
1327,1999-08-21,0.2727272727272727,0.0,Stanford,3.047738704640927
1328,1999-08-22,0.0,0.0,Stanford,3.1839500637254714
1329,1999-08-23,0.09090909090909091,0.0,Stanford,3.6565352109922595
1330,1999-08-24,0.09090909090909091,0.0,Stanford,4.0127661969261075
1331,1999-08-25,0.45454545454545453,0.0,Stanford,4.454339359555276
1332,1999-08-26,0.0,0.0,Stanford,3.9876864325546224
1333,1999-08-27,0.36363636363636365,0.0,Stanford,4.764264912808556
1334,1999-08-28,0.09090909090909091,0.0,Stanford,4.876950282257682
1335,1999-08-29,0.09090909090909091,0.0,Stanford,4.982123293743534
1336,1999-08-30,0.09090909090909091,0.0,Stanford,4.9105878014333575
1337,1999-08-31,0.09090909090909091,0.0,Stanford,4.928669826792348
1338,1999-09-01,0.0,0.0,Stanford,0.0
1339,1999-09-02,0.0,0.0,Stanford,0.0
1340,1999-09-03,0.0,0.0,Stanford,0.0
1341,1999-09-04,0.0,0.0,Stanford,0.0
1342,1999-09-05,0.0,0.0,Stanford,0.0
1343,1999-09-06,0.0,0.0,Stanford,0.0
1344,1999-09-07,0.0,0.0,Stanford,0.0
1345,1999-09-08,0.0,0.0,Stanford,0.0
1346,1999-09-09,0.0,0.0,Stanford,0.0
1347,1999-09-10,0.0,0.0,Stanford,2.517880142924829
1348,1999-09-11,0.0,0.0,Stanford,2.7742638909722643
1349,1999-09-12,0.0,0.0,Stanford,3.69234326793775
1350,1999-09-13,0.0,0.0,Stanford,3.7007325046206874
1351,1999-09-14,0.0,0.0,Stanford,4.047956398252035
1352,1999-09-15,0.0,0.0,Stanford,4.456880517156446
1353,1999-09-16,0.0,0.0,Stanford,4.923391512982381
1354,1999-09-17,0.0,0.0,Stanford,5.273953290904766
1355,1999-09-18,0.0,0.0,Stanford,5.431447313935357
1356,1999-09-19,0.0,0.0,Stanford,5.7481387051275465
1357,1999-09-20,0.0,0.0,Stanford,5.789171882361469
1358,1999-09-21,0.0,0.0,Stanford,5.827469514446462
1359,1999-09-22,0.0,0.0,Stanford,5.948062455907604
1360,1999-09-23,0.0,0.0,Stanford,6.060615867938008
1361,1999-09-24,0.0,0.0,Stanford,6.335362688863353
1362,1999-09-25,0.0,0.0,Stanford,6.506944570211856
1363,1999-09-26,0.0,0.0,Stanford,6.751936144318944
1364,1999-09-27,0.0,0.0,Stanford,6.726049492273439
1365,1999-09-28,0.0,0.0,Stanford,7.126131041273393
1366,1999-09-29,0.0,0.0,Stanford,7.4995404870066835
1367,1999-09-30,0.0,0.0,Stanford,7.338965060600175
1368,1999-10-01,0.0,0.0,Stanford,0.0
1369,1999-10-02,0.0,0.0,Stanford,0.0
1370,1999-10-03,0.0,0.0,Stanford,0.0
1371,1999-10-04,0.0,0.0,Stanford,0.0
1372,1999-10-05,0.0,0.0,Stanford,0.0
1373,1999-10-06,0.0,0.0,Stanford,0.0
1374,1999-10-07,0.0,0.0,Stanford,0.0
1375,1999-10-08,0.0,0.0,Stanford,0.0
1376,1999-10-09,0.0,0.0,Stanford,0.0
1377,1999-10-10,0.9090909090909091,0.8181818181818182,Stanford,4.909610093791599
1378,1999-10-11,0.18181818181818182,0.36363636363636365,Stanford,4.50957548147822
1379,1999-10-12,0.7272727272727273,0.09090909090909091,Stanford,5.275603782713005
1380,1999-10-13,0.8181818181818182,0.09090909090909091,Stanford,6.166321106289715
1381,1999-10-14,0.45454545454545453,1.5454545454545454,Stanford,6.973414850718883
1382,1999-10-15,0.5454545454545454,0.09090909090909091,Stanford,7.563065981883079
1383,1999-10-16,0.8181818181818182,1.0909090909090908,Stanford,7.707346431575723
1384,1999-10-17,0.6363636363636364,0.8181818181818182,Stanford,8.084432427046433
1385,1999-10-18,0.9090909090909091,0.5454545454545454,Stanford,8.200015719788793
1386,1999-10-19,1.2727272727272727,0.9090909090909091,Stanford,8.332135883924083
1387,1999-10-20,0.45454545454545453,0.0,Stanford,8.06150864317763
1388,1999-10-21,0.45454545454545453,0.7272727272727273,Stanford,8.402862612420334
1389,1999-10-22,0.8181818181818182,0.45454545454545453,Stanford,8.915399044319585
1390,1999-10-23,1.0909090909090908,0.36363636363636365,Stanford,9.581645168637674
1391,1999-10-24,0.2727272727272727,1.2727272727272727,Stanford,9.130747611940615
1392,1999-10-25,0.8181818181818182,1.7272727272727273,Stanford,9.594758377205181
1393,1999-10-26,0.5454545454545454,0.18181818181818182,Stanford,9.161168424785442
1394,1999-10-27,0.36363636363636365,0.2727272727272727,Stanford,8.829211741920957
1395,1999-10-28,0.6363636363636364,2.4545454545454546,Stanford,10.149688534883804
1396,1999-10-29,0.36363636363636365,0.8181818181818182,Stanford,9.921527481043064
1397,1999-10-30,1.0909090909090908,0.2727272727272727,Stanford,11.029789285337166
1398,1999-10-31,0.45454545454545453,0.45454545454545453,Stanford,10.409621514799534
1399,1999-11-01,0.0,0.0,Stanford,0.0
1400,1999-11-02,0.0,0.0,Stanford,0.0
1401,1999-11-03,0.0,0.0,Stanford,0.0
1402,1999-11-04,0.0,0.0,Stanford,0.0
1403,1999-11-05,0.0,0.0,Stanford,0.0
1404,1999-11-06,0.0,0.0,Stanford,0.0
1405,1999-11-07,0.0,0.0,Stanford,0.0
1406,1999-11-08,0.0,0.0,Stanford,0.0
1407,1999-11-09,0.0,0.0,Stanford,0.0
1408,1999-11-10,0.8181818181818182,0.09090909090909091,Stanford,6.039771066444692
1409,1999-11-11,1.0,0.2727272727272727,Stanford,6.467422692318076
1410,1999-11-12,0.6363636363636364,1.8181818181818181,Stanford,6.333230876466569
1411,1999-11-13,1.0,1.4545454545454546,Stanford,6.826166999853644
1412,1999-11-14,0.9090909090909091,0.2727272727272727,Stanford,6.940786169560371
1413,1999-11-15,0.7272727272727273,0.18181818181818182,Stanford,6.7810973946199855
1414,1999-11-16,0.6363636363636364,0.2727272727272727,Stanford,6.710842416796834
1415,1999-11-17,0.45454545454545453,0.7272727272727273,Stanford,6.887695346586137
1416,1999-11-18,0.2727272727272727,0.18181818181818182,Stanford,7.125485353783424
1417,1999-11-19,0.7272727272727273,0.7272727272727273,Stanford,7.377725724137258
1418,1999-11-20,0.6363636363636364,0.5454545454545454,Stanford,7.097998554649317
1419,1999-11-21,0.18181818181818182,0.5454545454545454,Stanford,6.552071378278759
1420,1999-11-22,0.18181818181818182,1.1818181818181819,Stanford,6.381933286393507
1421,1999-11-23,0.2727272727272727,0.18181818181818182,Stanford,6.144349855179394
1422,1999-11-24,0.09090909090909091,0.09090909090909091,Stanford,5.571090167864406
1423,1999-11-25,0.0,0.09090909090909091,Stanford,5.11483567182496
1424,1999-11-26,0.0,0.36363636363636365,Stanford,4.8586951118851145
1425,1999-11-27,0.36363636363636365,0.18181818181818182,Stanford,4.983266952910956
1426,1999-11-28,0.36363636363636365,0.18181818181818182,Stanford,4.929837034838105
1427,1999-11-29,0.5454545454545454,0.09090909090909091,Stanford,5.316332747667079
1428,1999-11-30,1.0,0.5454545454545454,Stanford,5.792213594792305
1429,1999-12-01,0.0,0.0,Stanford,0.0
1430,1999-12-02,0.0,0.0,Stanford,0.0
1431,1999-12-03,0.0,0.0,Stanford,0.0
1432,1999-12-04,0.0,0.0,Stanford,0.0
1433,1999-12-05,0.0,0.0,Stanford,0.0
1434,1999-12-06,0.0,0.0,Stanford,0.0
1435,1999-12-07,0.0,0.0,Stanford,0.0
1436,1999-12-08,0.0,0.0,Stanford,0.0
1437,1999-12-09,0.0,0.0,Stanford,0.0
1438,1999-12-10,0.18181818181818182,0.09090909090909091,Stanford,3.1328620903979254
1439,1999-12-11,0.2727272727272727,0.09090909090909091,Stanford,3.4512773449774574
1440,1999-12-12,0.18181818181818182,1.0,Stanford,3.7424043098577484
1441,1999-12-13,0.18181818181818182,1.4545454545454546,Stanford,3.6747288710187465
1442,1999-12-14,0.36363636363636365,0.36363636363636365,Stanford,3.793383309920527
1443,1999-12-15,0.09090909090909091,0.09090909090909091,Stanford,3.29200624077431
1444,1999-12-16,0.18181818181818182,0.09090909090909091,Stanford,3.3392058247226895
1445,1999-12-17,0.0,0.18181818181818182,Stanford,3.0317436182260264
1446,1999-12-18,0.0,0.09090909090909091,Stanford,2.8296273770109575
1447,1999-12-19,0.09090909090909091,0.45454545454545453,Stanford,2.8167431276344694
1448,1999-12-20,0.0,0.45454545454545453,Stanford,2.544111767610353
1449,1999-12-21,0.09090909090909091,0.18181818181818182,Stanford,2.4654134073454204
1450,1999-12-22,0.2727272727272727,0.09090909090909091,Stanford,2.4889313014011805
1451,1999-12-23,0.09090909090909091,0.09090909090909091,Stanford,2.159366184338072
1452,1999-12-24,0.0,0.09090909090909091,Stanford,1.9305599538670486
1453,1999-12-25,0.0,0.0,Stanford,1.801855956942579
1454,1999-12-26,0.0,0.0,Stanford,1.6817322264797403
1455,1999-12-27,0.0,0.09090909090909091,Stanford,1.7393137144113937
1456,1999-12-28,0.09090909090909091,0.0,Stanford,1.7142685576930587
1457,1999-12-29,0.09090909090909091,2.0,Stanford,1.690893078089279
1458,1999-12-30,0.0,0.8181818181818182,Stanford,1.4933183880348424
1459,1999-12-31,0.09090909090909091,0.2727272727272727,Stanford,1.4846729197416104
1460,1999-01-01,0.0,0.0,Wisconsin,0.0
1461,1999-01-02,0.0,0.0,Wisconsin,0.0
1462,1999-01-03,0.0,0.0,Wisconsin,0.0
1463,1999-01-04,0.0,0.0,Wisconsin,0.0
1464,1999-01-05,0.0,0.0,Wisconsin,0.0
1465,1999-01-06,0.0,0.0,Wisconsin,0.0
1466,1999-01-07,0.0,0.0,Wisconsin,0.0
1467,1999-01-08,0.0,0.0,Wisconsin,0.0
1468,1999-01-09,0.0,0.0,Wisconsin,0.0
1469,1999-01-10,0.0,0.0,Wisconsin,0.6552168212102566
1470,1999-01-11,0.0,0.0,Wisconsin,0.6963841846447244
1471,1999-01-12,0.0,0.0,Wisconsin,0.8196555420320458
1472,1999-01-13,0.0,0.0,Wisconsin,1.1892542634723335
1473,1999-01-14,0.0,0.0,Wisconsin,1.7039100398469054
1474,1999-01-15,0.09090909090909091,0.0,Wisconsin,1.9357705826449902
1475,1999-01-16,0.0,0.0,Wisconsin,2.146113149862597
1476,1999-01-17,0.2727272727272727,0.0,Wisconsin,2.6151601519929697
1477,1999-01-18,0.0,0.0,Wisconsin,2.6953615964055597
1478,1999-01-19,0.45454545454545453,0.0,Wisconsin,3.6490041566451894
1479,1999-01-20,0.45454545454545453,0.0,Wisconsin,4.029979637111269
1480,1999-01-21,0.18181818181818182,0.0,Wisconsin,3.9431325097886987
1481,1999-01-22,0.18181818181818182,0.0,Wisconsin,4.37116610004521
1482,1999-01-23,0.45454545454545453,0.0,Wisconsin,4.788845935799771
1483,1999-01-24,0.0,0.0,Wisconsin,4.55443802492827
1484,1999-01-25,0.5454545454545454,0.0,Wisconsin,5.390202762660326
1485,1999-01-26,0.5454545454545454,0.0,Wisconsin,5.491461972422365
1486,1999-01-27,0.36363636363636365,0.0,Wisconsin,5.404152386382086
1487,1999-01-28,0.2727272727272727,0.0,Wisconsin,5.401451318199038
1488,1999-01-29,0.45454545454545453,0.0,Wisconsin,5.83529395759183
1489,1999-01-30,0.45454545454545453,0.0,Wisconsin,6.579607693752373
1490,1999-01-31,0.2727272727272727,0.0,Wisconsin,6.498542938411307
1491,1999-02-01,0.0,0.0,Wisconsin,0.0
1492,1999-02-02,0.0,0.0,Wisconsin,0.0
1493,1999-02-03,0.0,0.0,Wisconsin,0.0
1494,1999-02-04,0.0,0.0,Wisconsin,0.0
1495,1999-02-05,0.0,0.0,Wisconsin,0.0
1496,1999-02-06,0.0,0.0,Wisconsin,0.0
1497,1999-02-07,0.0,0.0,Wisconsin,0.0
1498,1999-02-08,0.0,0.0,Wisconsin,0.0
1499,1999-02-09,0.0,0.0,Wisconsin,0.0
1500,1999-02-10,0.36363636363636365,0.0,Wisconsin,3.851387723593814
1501,1999-02-11,0.8181818181818182,0.0,Wisconsin,4.837052784445135
1502,1999-02-12,0.36363636363636365,0.0,Wisconsin,4.793370477603339
1503,1999-02-13,0.5454545454545454,0.0,Wisconsin,5.104115476066148
1504,1999-02-14,0.09090909090909091,0.0,Wisconsin,5.024447171601131
1505,1999-02-15,0.5454545454545454,0.0,Wisconsin,5.744029481373177
1506,1999-02-16,0.6363636363636364,0.0,Wisconsin,5.912609334130116
1507,1999-02-17,0.18181818181818182,0.0,Wisconsin,5.4457081057941705
1508,1999-02-18,0.5454545454545454,0.0,Wisconsin,6.052357868438194
1509,1999-02-19,0.36363636363636365,0.0,Wisconsin,6.267049162057467
1510,1999-02-20,0.36363636363636365,0.0,Wisconsin,6.467427702768787
1511,1999-02-21,1.5454545454545454,0.0,Wisconsin,7.666568886220565
1512,1999-02-22,0.6363636363636364,0.0,Wisconsin,6.858494596836163
1513,1999-02-23,0.2727272727272727,0.0,Wisconsin,6.589140411592541
1514,1999-02-24,0.36363636363636365,0.0,Wisconsin,6.7680462023348555
1515,1999-02-25,0.6363636363636364,0.0,Wisconsin,7.122903728239805
1516,1999-02-26,0.6363636363636364,0.0,Wisconsin,7.199558631205637
1517,1999-02-27,0.36363636363636365,0.0,Wisconsin,7.3377698739737465
1518,1999-02-28,0.18181818181818182,0.0,Wisconsin,7.284948852072466
1519,1999-03-01,0.0,0.0,Wisconsin,0.0
1520,1999-03-02,0.0,0.0,Wisconsin,0.0
1521,1999-03-03,0.0,0.0,Wisconsin,0.0
1522,1999-03-04,0.0,0.0,Wisconsin,0.0
1523,1999-03-05,0.0,0.0,Wisconsin,0.0
1524,1999-03-06,0.0,0.0,Wisconsin,0.0
1525,1999-03-07,0.0,0.0,Wisconsin,0.0
1526,1999-03-08,0.0,0.0,Wisconsin,0.0
1527,1999-03-09,0.0,0.0,Wisconsin,0.0
1528,1999-03-10,0.45454545454545453,0.0,Wisconsin,4.3200018327082885
1529,1999-03-11,0.7272727272727273,0.0,Wisconsin,4.504728983255008
1530,1999-03-12,0.5454545454545454,0.0,Wisconsin,4.240777354068311
1531,1999-03-13,0.7272727272727273,0.0,Wisconsin,4.430786136524362
1532,1999-03-14,0.8181818181818182,0.0,Wisconsin,4.529339788028799
1533,1999-03-15,1.6363636363636365,0.0,Wisconsin,5.184959559735971
1534,1999-03-16,0.18181818181818182,0.0,Wisconsin,3.4938410436323597
1535,1999-03-17,0.36363636363636365,0.0,Wisconsin,3.4548577013295967
1536,1999-03-18,0.0,0.0,Wisconsin,2.9699884000288352
1537,1999-03-19,0.36363636363636365,0.0,Wisconsin,3.4750194763905493
1538,1999-03-20,0.45454545454545453,0.0,Wisconsin,3.6978969658433014
1539,1999-03-21,0.2727272727272727,0.0,Wisconsin,3.469552319635566
1540,1999-03-22,0.2727272727272727,0.0,Wisconsin,3.7655215589325888
1541,1999-03-23,0.09090909090909091,0.0,Wisconsin,4.114486788337083
1542,1999-03-24,0.36363636363636365,0.0,Wisconsin,4.543217972144913
1543,1999-03-25,0.2727272727272727,0.0,Wisconsin,4.852457986123132
1544,1999-03-26,0.2727272727272727,0.0,Wisconsin,5.225930484017954
1545,1999-03-27,0.7272727272727273,0.0,Wisconsin,5.859353300234938
1546,1999-03-28,0.8181818181818182,0.0,Wisconsin,6.541457019613216
1547,1999-03-29,0.2727272727272727,0.0,Wisconsin,6.462935642548092
1548,1999-03-30,0.18181818181818182,0.0,Wisconsin,6.638133872438825
1549,1999-03-31,0.36363636363636365,0.0,Wisconsin,7.23801585670048
1550,1999-04-01,0.0,0.0,Wisconsin,0.0
1551,1999-04-02,0.0,0.0,Wisconsin,0.0
1552,1999-04-03,0.0,0.0,Wisconsin,0.0
1553,1999-04-04,0.0,0.0,Wisconsin,0.0
1554,1999-04-05,0.0,0.0,Wisconsin,0.0
1555,1999-04-06,0.0,0.0,Wisconsin,0.0
1556,1999-04-07,0.0,0.0,Wisconsin,0.0
1557,1999-04-08,0.0,0.0,Wisconsin,0.0
1558,1999-04-09,0.0,0.0,Wisconsin,0.0
1559,1999-04-10,0.36363636363636365,0.0,Wisconsin,4.131113933817689
1560,1999-04-11,0.8181818181818182,0.0,Wisconsin,5.267827550351056
1561,1999-04-12,0.18181818181818182,0.0,Wisconsin,5.098457228812501
1562,1999-04-13,0.36363636363636365,0.0,Wisconsin,5.970681292346213
1563,1999-04-14,0.5454545454545454,0.0,Wisconsin,7.221120721341314
1564,1999-04-15,0.5454545454545454,0.0,Wisconsin,7.370015703554924
1565,1999-04-16,0.36363636363636365,0.0,Wisconsin,7.242317686954293
1566,1999-04-17,0.5454545454545454,0.0,Wisconsin,7.559496507824005
1567,1999-04-18,1.0,0.0,Wisconsin,8.310075528514528
1568,1999-04-19,0.9090909090909091,0.0,Wisconsin,8.325767462977195
1569,1999-04-20,0.2727272727272727,0.0,Wisconsin,8.213140541202957
1570,1999-04-21,0.5454545454545454,0.0,Wisconsin,8.55044632330458
1571,1999-04-22,0.6363636363636364,0.0,Wisconsin,8.956174144175183
1572,1999-04-23,0.36363636363636365,0.0,Wisconsin,8.29848980729078
1573,1999-04-24,0.18181818181818182,0.0,Wisconsin,8.351317759531998
1574,1999-04-25,0.5454545454545454,0.0,Wisconsin,9.18850263616926
1575,1999-04-26,0.36363636363636365,0.0,Wisconsin,8.685026702848884
1576,1999-04-27,0.9090909090909091,0.0,Wisconsin,10.033297649931686
1577,1999-04-28,0.5454545454545454,0.0,Wisconsin,9.400774776299878
1578,1999-04-29,0.45454545454545453,0.0,Wisconsin,9.39829888212231
1579,1999-04-30,0.36363636363636365,0.0,Wisconsin,8.96568501725355
1580,1999-05-01,0.0,0.0,Wisconsin,0.0
1581,1999-05-02,0.0,0.0,Wisconsin,0.0
1582,1999-05-03,0.0,0.0,Wisconsin,0.0
1583,1999-05-04,0.0,0.0,Wisconsin,0.0
1584,1999-05-05,0.0,0.0,Wisconsin,0.0
1585,1999-05-06,0.0,0.0,Wisconsin,0.0
1586,1999-05-07,0.0,0.0,Wisconsin,0.0
1587,1999-05-08,0.0,0.0,Wisconsin,0.0
1588,1999-05-09,0.0,0.0,Wisconsin,0.0
1589,1999-05-10,0.18181818181818182,0.0,Wisconsin,4.907117183109608
1590,1999-05-11,0.0,0.0,Wisconsin,4.579976037568967
1591,1999-05-12,0.0,0.0,Wisconsin,4.359492786579521
1592,1999-05-13,0.09090909090909091,0.0,Wisconsin,4.414314479595432
1593,1999-05-14,0.0,0.0,Wisconsin,4.289723817319372
1594,1999-05-15,0.18181818181818182,0.0,Wisconsin,4.524954350710203
1595,1999-05-16,0.0,0.0,Wisconsin,4.477836181874977
1596,1999-05-17,0.0,0.0,Wisconsin,4.264162254598464
1597,1999-05-18,0.0,0.0,Wisconsin,4.2344302255040205
1598,1999-05-19,0.09090909090909091,0.0,Wisconsin,4.382437907440115
1599,1999-05-20,0.09090909090909091,0.0,Wisconsin,4.0963359863380475
1600,1999-05-21,0.0,0.0,Wisconsin,3.7383984357336932
1601,1999-05-22,0.0,0.0,Wisconsin,3.743717327896901
1602,1999-05-23,0.0,0.0,Wisconsin,3.578984657552259
1603,1999-05-24,0.0,0.0,Wisconsin,3.340385680382109
1604,1999-05-25,0.09090909090909091,0.0,Wisconsin,3.20860239259906
1605,1999-05-26,0.09090909090909091,0.0,Wisconsin,3.0856046573348794
1606,1999-05-27,0.0,0.0,Wisconsin,2.7950491953307366
1607,1999-05-28,0.0,0.0,Wisconsin,2.778409552005656
1608,1999-05-29,0.18181818181818182,0.0,Wisconsin,2.7750004303567946
1609,1999-05-30,0.09090909090909091,0.0,Wisconsin,2.511212522878463
1610,1999-05-31,0.0,0.0,Wisconsin,2.6831922940805053
1611,1999-06-01,0.0,0.0,Wisconsin,0.0
1612,1999-06-02,0.0,0.0,Wisconsin,0.0
1613,1999-06-03,0.0,0.0,Wisconsin,0.0
1614,1999-06-04,0.0,0.0,Wisconsin,0.0
1615,1999-06-05,0.0,0.0,Wisconsin,0.0
1616,1999-06-06,0.0,0.0,Wisconsin,0.0
1617,1999-06-07,0.0,0.0,Wisconsin,0.0
1618,1999-06-08,0.0,0.0,Wisconsin,0.0
1619,1999-06-09,0.0,0.0,Wisconsin,0.0
1620,1999-06-10,0.36363636363636365,0.0,Wisconsin,1.8007594978295067
1621,1999-06-11,0.09090909090909091,0.0,Wisconsin,1.8564664403984488
1622,1999-06-12,0.09090909090909091,0.0,Wisconsin,1.9084595867961285
1623,1999-06-13,0.0,0.0,Wisconsin,1.7812289476763858
1624,1999-06-14,0.09090909090909091,0.0,Wisconsin,1.9230864117706878
1625,1999-06-15,0.09090909090909091,0.0,Wisconsin,1.9706382267435507
1626,1999-06-16,0.0,0.0,Wisconsin,1.8392623449606476
1627,1999-06-17,0.0,0.0,Wisconsin,1.7166448552966045
1628,1999-06-18,0.0,0.0,Wisconsin,1.6022018649434977
1629,1999-06-19,0.09090909090909091,0.0,Wisconsin,1.6711459830381734
1630,1999-06-20,0.09090909090909091,0.0,Wisconsin,1.7354938265932047
1631,1999-06-21,0.18181818181818182,0.0,Wisconsin,1.7167639351233548
1632,1999-06-22,0.09090909090909091,0.0,Wisconsin,1.6932220970242218
1633,1999-06-23,0.09090909090909091,0.0,Wisconsin,1.5864012299498795
1634,1999-06-24,0.18181818181818182,0.0,Wisconsin,1.5776108449229178
1635,1999-06-25,0.0,0.0,Wisconsin,1.3875883037462389
1636,1999-06-26,0.0,0.0,Wisconsin,1.2950824168298227
1637,1999-06-27,0.09090909090909091,0.0,Wisconsin,1.3845011647987437
1638,1999-06-28,0.0,0.0,Wisconsin,1.377049571993979
1639,1999-06-29,0.0,0.0,Wisconsin,1.3700947520428655
1640,1999-06-30,0.0,0.0,Wisconsin,1.8726944958460683
1641,1999-07-01,0.0,0.0,Wisconsin,0.0
1642,1999-07-02,0.0,0.0,Wisconsin,0.0
1643,1999-07-03,0.0,0.0,Wisconsin,0.0
1644,1999-07-04,0.0,0.0,Wisconsin,0.0
1645,1999-07-05,0.0,0.0,Wisconsin,0.0
1646,1999-07-06,0.0,0.0,Wisconsin,0.0
1647,1999-07-07,0.0,0.0,Wisconsin,0.0
1648,1999-07-08,0.0,0.0,Wisconsin,0.0
1649,1999-07-09,0.0,0.0,Wisconsin,0.0
1650,1999-07-10,0.0,0.0,Wisconsin,0.9849667792315123
1651,1999-07-11,0.0,0.0,Wisconsin,1.0889992969797146
1652,1999-07-12,0.0,0.0,Wisconsin,1.1860963135447034
1653,1999-07-13,0.0,0.0,Wisconsin,1.361568680520511
1654,1999-07-14,0.0,0.0,Wisconsin,1.610191374546416
1655,1999-07-15,0.36363636363636365,0.0,Wisconsin,1.8664816465463523
1656,1999-07-16,0.0,0.0,Wisconsin,1.7420495367765958
1657,1999-07-17,0.09090909090909091,0.0,Wisconsin,1.801670476749065
1658,1999-07-18,0.09090909090909091,0.0,Wisconsin,1.9421651722385214
1659,1999-07-19,0.09090909090909091,0.0,Wisconsin,2.073293554695347
1660,1999-07-20,0.09090909090909091,0.0,Wisconsin,2.195680044988385
1661,1999-07-21,0.18181818181818182,0.0,Wisconsin,2.3159680419891586
1662,1999-07-22,0.0,0.0,Wisconsin,1.9918732028262456
1663,1999-07-23,0.0,0.0,Wisconsin,2.113627110516617
1664,1999-07-24,0.2727272727272727,0.0,Wisconsin,2.2454459092094483
1665,1999-07-25,0.09090909090909091,0.0,Wisconsin,2.0169616364742726
1666,1999-07-26,0.09090909090909091,0.0,Wisconsin,1.9734066182850791
1667,1999-07-27,0.18181818181818182,0.0,Wisconsin,2.1085128437327403
1668,1999-07-28,0.09090909090909091,0.0,Wisconsin,2.0588544117263154
1669,1999-07-29,0.0,0.0,Wisconsin,1.921597450944561
1670,1999-07-30,0.09090909090909091,0.0,Wisconsin,1.8844000451240148
1671,1999-07-31,0.0,0.0,Wisconsin,1.7587733754490806
1672,1999-08-01,0.0,0.0,Wisconsin,0.0
1673,1999-08-02,0.0,0.0,Wisconsin,0.0
1674,1999-08-03,0.0,0.0,Wisconsin,0.0
1675,1999-08-04,0.0,0.0,Wisconsin,0.0
1676,1999-08-05,0.0,0.0,Wisconsin,0.0
1677,1999-08-06,0.0,0.0,Wisconsin,0.0
1678,1999-08-07,0.0,0.0,Wisconsin,0.0
1679,1999-08-08,0.0,0.0,Wisconsin,0.0
1680,1999-08-09,0.0,0.0,Wisconsin,0.0
1681,1999-08-10,0.0,0.0,Wisconsin,0.8822215230706951
1682,1999-08-11,0.0,0.0,Wisconsin,0.8234067548659822
1683,1999-08-12,0.0,0.0,Wisconsin,0.7685129712082499
1684,1999-08-13,0.09090909090909091,0.0,Wisconsin,0.8081878640367909
1685,1999-08-14,0.09090909090909091,0.0,Wisconsin,0.8452177640100956
1686,1999-08-15,0.0,0.0,Wisconsin,0.7888699130760894
1687,1999-08-16,0.0,0.0,Wisconsin,0.905975555234653
1688,1999-08-17,0.0,0.0,Wisconsin,1.015274154582646
1689,1999-08-18,0.0,0.0,Wisconsin,1.2869831503377425
1690,1999-08-19,0.18181818181818182,0.0,Wisconsin,2.1466388191031047
1691,1999-08-20,0.18181818181818182,0.0,Wisconsin,2.609590170556837
1692,1999-08-21,0.0,0.0,Wisconsin,2.7750114319136543
1693,1999-08-22,0.18181818181818182,0.0,Wisconsin,3.365768245543653
1694,1999-08-23,0.18181818181818182,0.0,Wisconsin,3.7474443019013495
1695,1999-08-24,0.0,0.0,Wisconsin,3.9218571060170166
1696,1999-08-25,0.0,0.0,Wisconsin,3.9997939050098212
1697,1999-08-26,0.0,0.0,Wisconsin,3.9876864325546224
1698,1999-08-27,0.09090909090909091,0.0,Wisconsin,4.491537640081283
1699,1999-08-28,0.0,0.0,Wisconsin,4.786041191348591
1700,1999-08-29,0.18181818181818182,0.0,Wisconsin,5.073032384652625
1701,1999-08-30,0.0,0.0,Wisconsin,4.819678710524267
1702,1999-08-31,0.09090909090909091,0.0,Wisconsin,4.928669826792347
1703,1999-09-01,0.0,0.0,Wisconsin,0.0
1704,1999-09-02,0.0,0.0,Wisconsin,0.0
1705,1999-09-03,0.0,0.0,Wisconsin,0.0
1706,1999-09-04,0.0,0.0,Wisconsin,0.0
1707,1999-09-05,0.0,0.0,Wisconsin,0.0
1708,1999-09-06,0.0,0.0,Wisconsin,0.0
1709,1999-09-07,0.0,0.0,Wisconsin,0.0
1710,1999-09-08,0.0,0.0,Wisconsin,0.0
1711,1999-09-09,0.0,0.0,Wisconsin,0.0
1712,1999-09-10,0.45454545454545453,0.0,Wisconsin,2.972425597470284
1713,1999-09-11,0.5454545454545454,0.0,Wisconsin,3.3197184364268106
1714,1999-09-12,0.18181818181818182,0.0,Wisconsin,3.8741614497559316
1715,1999-09-13,0.6363636363636364,0.0,Wisconsin,4.337096140984324
1716,1999-09-14,0.7272727272727273,0.0,Wisconsin,4.775229125524763
1717,1999-09-15,0.45454545454545453,0.0,Wisconsin,4.911425971701901
1718,1999-09-16,0.5454545454545454,0.0,Wisconsin,5.468846058436925
1719,1999-09-17,0.5454545454545454,0.0,Wisconsin,5.819407836359312
1720,1999-09-18,0.36363636363636365,0.0,Wisconsin,5.795083677571721
1721,1999-09-19,0.2727272727272727,0.0,Wisconsin,6.020865977854819
1722,1999-09-20,0.5454545454545454,0.0,Wisconsin,6.334626427816014
1723,1999-09-21,0.45454545454545453,0.0,Wisconsin,6.282014968991916
1724,1999-09-22,0.36363636363636365,0.0,Wisconsin,6.3116988195439685
1725,1999-09-23,0.6363636363636364,0.0,Wisconsin,6.696979504301644
1726,1999-09-24,0.5454545454545454,0.0,Wisconsin,6.880817234317897
1727,1999-09-25,0.18181818181818182,0.0,Wisconsin,6.688762752030038
1728,1999-09-26,0.6363636363636364,0.0,Wisconsin,7.388299780682582
1729,1999-09-27,0.5454545454545454,0.0,Wisconsin,7.2715040377279845
1730,1999-09-28,0.6363636363636364,0.0,Wisconsin,7.7624946776370285
1731,1999-09-29,0.09090909090909091,0.0,Wisconsin,7.590449577915774
1732,1999-09-30,0.36363636363636365,0.0,Wisconsin,7.702601424236539
1733,1999-10-01,0.0,0.0,Wisconsin,0.0
1734,1999-10-02,0.0,0.0,Wisconsin,0.0
1735,1999-10-03,0.0,0.0,Wisconsin,0.0
1736,1999-10-04,0.0,0.0,Wisconsin,0.0
1737,1999-10-05,0.0,0.0,Wisconsin,0.0
1738,1999-10-06,0.0,0.0,Wisconsin,0.0
1739,1999-10-07,0.0,0.0,Wisconsin,0.0
1740,1999-10-08,0.0,0.0,Wisconsin,0.0
1741,1999-10-09,0.0,0.0,Wisconsin,0.0
1742,1999-10-10,1.0,1.0909090909090908,Wisconsin,5.00051918470069
1743,1999-10-11,0.9090909090909091,0.6363636363636364,Wisconsin,5.236848208750946
1744,1999-10-12,0.9090909090909091,0.6363636363636364,Wisconsin,5.4574219645311866
1745,1999-10-13,0.45454545454545453,1.5454545454545454,Wisconsin,5.8026847426533505
1746,1999-10-14,0.45454545454545453,0.5454545454545454,Wisconsin,6.973414850718883
1747,1999-10-15,0.45454545454545453,2.1818181818181817,Wisconsin,7.472156890973988
1748,1999-10-16,0.7272727272727273,1.8181818181818181,Wisconsin,7.61643734066663
1749,1999-10-17,0.5454545454545454,0.18181818181818182,Wisconsin,7.993523336137343
1750,1999-10-18,0.5454545454545454,0.8181818181818182,Wisconsin,7.836379356152428
1751,1999-10-19,0.45454545454545453,0.7272727272727273,Wisconsin,7.513954065742266
1752,1999-10-20,0.5454545454545454,0.5454545454545454,Wisconsin,8.152417734086724
1753,1999-10-21,0.8181818181818182,0.7272727272727273,Wisconsin,8.766498976056697
1754,1999-10-22,0.2727272727272727,7.545454545454546,Wisconsin,8.36994449886504
1755,1999-10-23,0.8181818181818182,3.0,Wisconsin,9.3089178959104
1756,1999-10-24,0.7272727272727273,0.9090909090909091,Wisconsin,9.58529306648607
1757,1999-10-25,0.45454545454545453,4.909090909090909,Wisconsin,9.231122013568818
1758,1999-10-26,0.5454545454545454,16.0,Wisconsin,9.161168424785442
1759,1999-10-27,0.45454545454545453,31.363636363636363,Wisconsin,8.92012083283005
1760,1999-10-28,0.0,51.27272727272727,Wisconsin,9.513324898520167
1761,1999-10-29,0.45454545454545453,6.818181818181818,Wisconsin,10.012436571952156
1762,1999-10-30,0.45454545454545453,3.090909090909091,Wisconsin,10.39342564897353
1763,1999-10-31,0.6363636363636364,2.4545454545454546,Wisconsin,10.591439696617716
1764,1999-11-01,0.0,0.0,Wisconsin,0.0
1765,1999-11-02,0.0,0.0,Wisconsin,0.0
1766,1999-11-03,0.0,0.0,Wisconsin,0.0
1767,1999-11-04,0.0,0.0,Wisconsin,0.0
1768,1999-11-05,0.0,0.0,Wisconsin,0.0
1769,1999-11-06,0.0,0.0,Wisconsin,0.0
1770,1999-11-07,0.0,0.0,Wisconsin,0.0
1771,1999-11-08,0.0,0.0,Wisconsin,0.0
1772,1999-11-09,0.0,0.0,Wisconsin,0.0
1773,1999-11-10,0.8181818181818182,0.8181818181818182,Wisconsin,6.039771066444692
1774,1999-11-11,0.5454545454545454,1.9090909090909092,Wisconsin,6.012877237772622
1775,1999-11-12,0.2727272727272727,0.7272727272727273,Wisconsin,5.969594512830205
1776,1999-11-13,0.45454545454545453,0.45454545454545453,Wisconsin,6.2807124543991
1777,1999-11-14,0.36363636363636365,0.45454545454545453,Wisconsin,6.395331624105825
1778,1999-11-15,0.18181818181818182,1.4545454545454546,Wisconsin,6.235642849165438
1779,1999-11-16,1.0,0.18181818181818182,Wisconsin,7.074478780433197
1780,1999-11-17,0.5454545454545454,0.0,Wisconsin,6.978604437495227
1781,1999-11-18,0.18181818181818182,1.2727272727272727,Wisconsin,7.034576262874333
1782,1999-11-19,0.45454545454545453,5.545454545454546,Wisconsin,7.104998451409984
1783,1999-11-20,0.18181818181818182,2.8181818181818183,Wisconsin,6.643453100103864
1784,1999-11-21,0.09090909090909091,1.3636363636363635,Wisconsin,6.461162287369668
1785,1999-11-22,0.18181818181818182,5.0,Wisconsin,6.381933286393507
1786,1999-11-23,0.18181818181818182,1.5454545454545454,Wisconsin,6.053440764270303
1787,1999-11-24,0.09090909090909091,0.9090909090909091,Wisconsin,5.571090167864406
1788,1999-11-25,0.09090909090909091,0.2727272727272727,Wisconsin,5.205744762734051
1789,1999-11-26,0.45454545454545453,0.5454545454545454,Wisconsin,5.3132405664305695
1790,1999-11-27,0.2727272727272727,0.45454545454545453,Wisconsin,4.892357862001865
1791,1999-11-28,0.5454545454545454,0.0,Wisconsin,5.1116552166562865
1792,1999-11-29,0.2727272727272727,1.0,Wisconsin,5.043605474939807
1793,1999-11-30,0.7272727272727273,0.45454545454545453,Wisconsin,5.519486322065031
1794,1999-12-01,0.0,0.0,Wisconsin,0.0
1795,1999-12-02,0.0,0.0,Wisconsin,0.0
1796,1999-12-03,0.0,0.0,Wisconsin,0.0
1797,1999-12-04,0.0,0.0,Wisconsin,0.0
1798,1999-12-05,0.0,0.0,Wisconsin,0.0
1799,1999-12-06,0.0,0.0,Wisconsin,0.0
1800,1999-12-07,0.0,0.0,Wisconsin,0.0
1801,1999-12-08,0.0,0.0,Wisconsin,0.0
1802,1999-12-09,0.0,0.0,Wisconsin,0.0
1803,1999-12-10,0.09090909090909091,0.09090909090909091,Wisconsin,3.0419529994888346
1804,1999-12-11,0.2727272727272727,0.7272727272727273,Wisconsin,3.4512773449774574
1805,1999-12-12,0.45454545454545453,1.7272727272727273,Wisconsin,4.015131582585021
1806,1999-12-13,0.0,0.18181818181818182,Wisconsin,3.492910689200565
1807,1999-12-14,0.0,0.09090909090909091,Wisconsin,3.429746946284163
1808,1999-12-15,0.18181818181818182,1.0909090909090908,Wisconsin,3.382915331683401
1809,1999-12-16,0.18181818181818182,1.3636363636363635,Wisconsin,3.3392058247226895
1810,1999-12-17,0.09090909090909091,1.9090909090909092,Wisconsin,3.1226527091351173
1811,1999-12-18,0.0,3.0,Wisconsin,2.8296273770109575
1812,1999-12-19,0.0,0.5454545454545454,Wisconsin,2.7258340367253786
1813,1999-12-20,0.0,0.0,Wisconsin,2.544111767610353
1814,1999-12-21,0.09090909090909091,0.09090909090909091,Wisconsin,2.4654134073454204
1815,1999-12-22,0.09090909090909091,0.2727272727272727,Wisconsin,2.307113119582999
1816,1999-12-23,0.0,0.0,Wisconsin,2.0684570934289805
1817,1999-12-24,0.0,0.2727272727272727,Wisconsin,1.9305599538670486
1818,1999-12-25,0.0,0.09090909090909091,Wisconsin,1.801855956942579
1819,1999-12-26,0.0,0.09090909090909091,Wisconsin,1.6817322264797403
1820,1999-12-27,0.09090909090909091,0.36363636363636365,Wisconsin,1.8302228053204848
1821,1999-12-28,0.0,0.36363636363636365,Wisconsin,1.6233594667839677
1822,1999-12-29,0.0,0.2727272727272727,Wisconsin,1.5999839871801882
1823,1999-12-30,0.09090909090909091,0.6363636363636364,Wisconsin,1.584227478943933
1824,1999-12-31,0.0,0.0,Wisconsin,1.3937638288325194
